Country,Jurisdiction type,Included in primary analysis,Vector group,Vector taxa,Vector status,Classification basis,Evidence category,Vector source IDs,Assessment cutoff,Source-linkage scope,Evidence notes
Afghanistan,Sovereign state,Yes,Aedes,Aedes aegypti and/or Aedes albopictus,Present,"Categorical synthesis of occurrence and distribution evidence. Status denotes evidence of presence, limited/sporadic occurrence, absence, or uncertainty; it does not quantify mosquito abundance.",Peer-reviewed global occurrence/modelling; regional public-health distribution maps where applicable,S049; S050,2026-05-06,Global modelling,Vector presence indicates ecological compatibility with transmission but does not establish virus circulation. Global or regional sources may not provide a direct country-specific occurrence citation for every jurisdiction.
Afghanistan,Sovereign state,Yes,Culex,Culex tritaeniorhynchus complex,Limited / uncertain,Categorical synthesis of documented occurrence and modelled habitat suitability for the principal JEV vector complex. Status does not quantify abundance or vector competence.,Peer-reviewed global occurrence and habitat-suitability modelling,S051,2026-05-06,Global occurrence/modelling source,"The cited model distinguishes documented occurrences from predicted suitability. Country-level categories should therefore be interpreted as ecological evidence tiers, not direct entomological surveillance measurements."
Albania,Sovereign state,Yes,Aedes,Aedes aegypti and/or Aedes albopictus,Limited / sporadic,"Categorical synthesis of occurrence and distribution evidence. Status denotes evidence of presence, limited/sporadic occurrence, absence, or uncertainty; it does not quantify mosquito abundance.",Peer-reviewed global occurrence/modelling; regional public-health distribution maps where applicable,S049; S050; S023; S024,2026-05-06,Global modelling plus ECDC regional distribution maps,Vector presence indicates ecological compatibility with transmission but does not establish virus circulation. Global or regional sources may not provide a direct country-specific occurrence citation for every jurisdiction.
Albania,Sovereign state,Yes,Culex,Culex tritaeniorhynchus complex,Absent,Categorical synthesis of documented occurrence and modelled habitat suitability for the principal JEV vector complex. Status does not quantify abundance or vector competence.,Peer-reviewed global occurrence and habitat-suitability modelling,S051,2026-05-06,Global occurrence/modelling source,"The cited model distinguishes documented occurrences from predicted suitability. Country-level categories should therefore be interpreted as ecological evidence tiers, not direct entomological surveillance measurements."
Algeria,Sovereign state,Yes,Aedes,Aedes aegypti and/or Aedes albopictus,Limited / sporadic,"Categorical synthesis of occurrence and distribution evidence. Status denotes evidence of presence, limited/sporadic occurrence, absence, or uncertainty; it does not quantify mosquito abundance.",Peer-reviewed global occurrence/modelling; regional public-health distribution maps where applicable,S049; S050,2026-05-06,Global modelling,Vector presence indicates ecological compatibility with transmission but does not establish virus circulation. Global or regional sources may not provide a direct country-specific occurrence citation for every jurisdiction.
Algeria,Sovereign state,Yes,Culex,Culex tritaeniorhynchus complex,Absent,Categorical synthesis of documented occurrence and modelled habitat suitability for the principal JEV vector complex. Status does not quantify abundance or vector competence.,Peer-reviewed global occurrence and habitat-suitability modelling,S051,2026-05-06,Global occurrence/modelling source,"The cited model distinguishes documented occurrences from predicted suitability. Country-level categories should therefore be interpreted as ecological evidence tiers, not direct entomological surveillance measurements."
American Samoa,Territory/dependency or other jurisdiction,No,Aedes,Aedes aegypti and/or Aedes albopictus,Present,"Categorical synthesis of occurrence and distribution evidence. Status denotes evidence of presence, limited/sporadic occurrence, absence, or uncertainty; it does not quantify mosquito abundance.",Peer-reviewed global occurrence/modelling; regional public-health distribution maps where applicable,S049; S050; S020,2026-05-06,Global modelling plus CDC potential-range context,Vector presence indicates ecological compatibility with transmission but does not establish virus circulation. Global or regional sources may not provide a direct country-specific occurrence citation for every jurisdiction.
American Samoa,Territory/dependency or other jurisdiction,No,Culex,Culex tritaeniorhynchus complex,Absent,Categorical synthesis of documented occurrence and modelled habitat suitability for the principal JEV vector complex. Status does not quantify abundance or vector competence.,Peer-reviewed global occurrence and habitat-suitability modelling,S051,2026-05-06,Global occurrence/modelling source,"The cited model distinguishes documented occurrences from predicted suitability. Country-level categories should therefore be interpreted as ecological evidence tiers, not direct entomological surveillance measurements."
Andorra,Sovereign state,Yes,Aedes,Aedes aegypti and/or Aedes albopictus,Absent,"Categorical synthesis of occurrence and distribution evidence. Status denotes evidence of presence, limited/sporadic occurrence, absence, or uncertainty; it does not quantify mosquito abundance.",Peer-reviewed global occurrence/modelling; regional public-health distribution maps where applicable,S049; S050; S023; S024,2026-05-06,Global modelling plus ECDC regional distribution maps,Vector presence indicates ecological compatibility with transmission but does not establish virus circulation. Global or regional sources may not provide a direct country-specific occurrence citation for every jurisdiction.
Andorra,Sovereign state,Yes,Culex,Culex tritaeniorhynchus complex,Absent,Categorical synthesis of documented occurrence and modelled habitat suitability for the principal JEV vector complex. Status does not quantify abundance or vector competence.,Peer-reviewed global occurrence and habitat-suitability modelling,S051,2026-05-06,Global occurrence/modelling source,"The cited model distinguishes documented occurrences from predicted suitability. Country-level categories should therefore be interpreted as ecological evidence tiers, not direct entomological surveillance measurements."
Angola,Sovereign state,Yes,Aedes,Aedes aegypti and/or Aedes albopictus,Present,"Categorical synthesis of occurrence and distribution evidence. Status denotes evidence of presence, limited/sporadic occurrence, absence, or uncertainty; it does not quantify mosquito abundance.",Peer-reviewed global occurrence/modelling; regional public-health distribution maps where applicable,S049; S050,2026-05-06,Global modelling,Vector presence indicates ecological compatibility with transmission but does not establish virus circulation. Global or regional sources may not provide a direct country-specific occurrence citation for every jurisdiction.
Angola,Sovereign state,Yes,Culex,Culex tritaeniorhynchus complex,Absent,Categorical synthesis of documented occurrence and modelled habitat suitability for the principal JEV vector complex. Status does not quantify abundance or vector competence.,Peer-reviewed global occurrence and habitat-suitability modelling,S051,2026-05-06,Global occurrence/modelling source,"The cited model distinguishes documented occurrences from predicted suitability. Country-level categories should therefore be interpreted as ecological evidence tiers, not direct entomological surveillance measurements."
Anguilla,Territory/dependency or other jurisdiction,No,Aedes,Aedes aegypti and/or Aedes albopictus,Present,"Categorical synthesis of occurrence and distribution evidence. Status denotes evidence of presence, limited/sporadic occurrence, absence, or uncertainty; it does not quantify mosquito abundance.",Peer-reviewed global occurrence/modelling; regional public-health distribution maps where applicable,S049; S050,2026-05-06,Global modelling,Vector presence indicates ecological compatibility with transmission but does not establish virus circulation. Global or regional sources may not provide a direct country-specific occurrence citation for every jurisdiction.
Anguilla,Territory/dependency or other jurisdiction,No,Culex,Culex tritaeniorhynchus complex,Absent,Categorical synthesis of documented occurrence and modelled habitat suitability for the principal JEV vector complex. Status does not quantify abundance or vector competence.,Peer-reviewed global occurrence and habitat-suitability modelling,S051,2026-05-06,Global occurrence/modelling source,"The cited model distinguishes documented occurrences from predicted suitability. Country-level categories should therefore be interpreted as ecological evidence tiers, not direct entomological surveillance measurements."
Antarctica,Territory/dependency or other jurisdiction,No,Aedes,Aedes aegypti and/or Aedes albopictus,Limited / sporadic,"Categorical synthesis of occurrence and distribution evidence. Status denotes evidence of presence, limited/sporadic occurrence, absence, or uncertainty; it does not quantify mosquito abundance.",Peer-reviewed global occurrence/modelling; regional public-health distribution maps where applicable,S049; S050,2026-05-06,Global modelling,Vector presence indicates ecological compatibility with transmission but does not establish virus circulation. Global or regional sources may not provide a direct country-specific occurrence citation for every jurisdiction.
Antarctica,Territory/dependency or other jurisdiction,No,Culex,Culex tritaeniorhynchus complex,Absent,Categorical synthesis of documented occurrence and modelled habitat suitability for the principal JEV vector complex. Status does not quantify abundance or vector competence.,Peer-reviewed global occurrence and habitat-suitability modelling,S051,2026-05-06,Global occurrence/modelling source,"The cited model distinguishes documented occurrences from predicted suitability. Country-level categories should therefore be interpreted as ecological evidence tiers, not direct entomological surveillance measurements."
Antigua and Barbuda,Sovereign state,Yes,Aedes,Aedes aegypti and/or Aedes albopictus,Present,"Categorical synthesis of occurrence and distribution evidence. Status denotes evidence of presence, limited/sporadic occurrence, absence, or uncertainty; it does not quantify mosquito abundance.",Peer-reviewed global occurrence/modelling; regional public-health distribution maps where applicable,S049; S050,2026-05-06,Global modelling,Vector presence indicates ecological compatibility with transmission but does not establish virus circulation. Global or regional sources may not provide a direct country-specific occurrence citation for every jurisdiction.
Antigua and Barbuda,Sovereign state,Yes,Culex,Culex tritaeniorhynchus complex,Absent,Categorical synthesis of documented occurrence and modelled habitat suitability for the principal JEV vector complex. Status does not quantify abundance or vector competence.,Peer-reviewed global occurrence and habitat-suitability modelling,S051,2026-05-06,Global occurrence/modelling source,"The cited model distinguishes documented occurrences from predicted suitability. Country-level categories should therefore be interpreted as ecological evidence tiers, not direct entomological surveillance measurements."
Argentina,Sovereign state,Yes,Aedes,Aedes aegypti and/or Aedes albopictus,Present,"Categorical synthesis of occurrence and distribution evidence. Status denotes evidence of presence, limited/sporadic occurrence, absence, or uncertainty; it does not quantify mosquito abundance.",Peer-reviewed global occurrence/modelling; regional public-health distribution maps where applicable,S049; S050,2026-05-06,Global modelling,Vector presence indicates ecological compatibility with transmission but does not establish virus circulation. Global or regional sources may not provide a direct country-specific occurrence citation for every jurisdiction.
Argentina,Sovereign state,Yes,Culex,Culex tritaeniorhynchus complex,Absent,Categorical synthesis of documented occurrence and modelled habitat suitability for the principal JEV vector complex. Status does not quantify abundance or vector competence.,Peer-reviewed global occurrence and habitat-suitability modelling,S051,2026-05-06,Global occurrence/modelling source,"The cited model distinguishes documented occurrences from predicted suitability. Country-level categories should therefore be interpreted as ecological evidence tiers, not direct entomological surveillance measurements."
Armenia,Sovereign state,Yes,Aedes,Aedes aegypti and/or Aedes albopictus,Limited / sporadic,"Categorical synthesis of occurrence and distribution evidence. Status denotes evidence of presence, limited/sporadic occurrence, absence, or uncertainty; it does not quantify mosquito abundance.",Peer-reviewed global occurrence/modelling; regional public-health distribution maps where applicable,S049; S050,2026-05-06,Global modelling,Vector presence indicates ecological compatibility with transmission but does not establish virus circulation. Global or regional sources may not provide a direct country-specific occurrence citation for every jurisdiction.
Armenia,Sovereign state,Yes,Culex,Culex tritaeniorhynchus complex,Limited / uncertain,Categorical synthesis of documented occurrence and modelled habitat suitability for the principal JEV vector complex. Status does not quantify abundance or vector competence.,Peer-reviewed global occurrence and habitat-suitability modelling,S051,2026-05-06,Global occurrence/modelling source,"The cited model distinguishes documented occurrences from predicted suitability. Country-level categories should therefore be interpreted as ecological evidence tiers, not direct entomological surveillance measurements."
Aruba,Territory/dependency or other jurisdiction,No,Aedes,Aedes aegypti and/or Aedes albopictus,Present,"Categorical synthesis of occurrence and distribution evidence. Status denotes evidence of presence, limited/sporadic occurrence, absence, or uncertainty; it does not quantify mosquito abundance.",Peer-reviewed global occurrence/modelling; regional public-health distribution maps where applicable,S049; S050,2026-05-06,Global modelling,Vector presence indicates ecological compatibility with transmission but does not establish virus circulation. Global or regional sources may not provide a direct country-specific occurrence citation for every jurisdiction.
Aruba,Territory/dependency or other jurisdiction,No,Culex,Culex tritaeniorhynchus complex,Absent,Categorical synthesis of documented occurrence and modelled habitat suitability for the principal JEV vector complex. Status does not quantify abundance or vector competence.,Peer-reviewed global occurrence and habitat-suitability modelling,S051,2026-05-06,Global occurrence/modelling source,"The cited model distinguishes documented occurrences from predicted suitability. Country-level categories should therefore be interpreted as ecological evidence tiers, not direct entomological surveillance measurements."
Australia,Sovereign state,Yes,Aedes,Aedes aegypti and/or Aedes albopictus,Present,"Categorical synthesis of occurrence and distribution evidence. Status denotes evidence of presence, limited/sporadic occurrence, absence, or uncertainty; it does not quantify mosquito abundance.",Peer-reviewed global occurrence/modelling; regional public-health distribution maps where applicable,S049; S050,2026-05-06,Global modelling,Vector presence indicates ecological compatibility with transmission but does not establish virus circulation. Global or regional sources may not provide a direct country-specific occurrence citation for every jurisdiction.
Australia,Sovereign state,Yes,Culex,Culex tritaeniorhynchus complex,Present,Categorical synthesis of documented occurrence and modelled habitat suitability for the principal JEV vector complex. Status does not quantify abundance or vector competence.,Peer-reviewed global occurrence and habitat-suitability modelling,S051,2026-05-06,Global occurrence/modelling source,"The cited model distinguishes documented occurrences from predicted suitability. Country-level categories should therefore be interpreted as ecological evidence tiers, not direct entomological surveillance measurements."
Austria,Sovereign state,Yes,Aedes,Aedes aegypti and/or Aedes albopictus,Present,"Categorical synthesis of occurrence and distribution evidence. Status denotes evidence of presence, limited/sporadic occurrence, absence, or uncertainty; it does not quantify mosquito abundance.",Peer-reviewed global occurrence/modelling; regional public-health distribution maps where applicable,S049; S050; S023; S024,2026-05-06,Global modelling plus ECDC regional distribution maps,Vector presence indicates ecological compatibility with transmission but does not establish virus circulation. Global or regional sources may not provide a direct country-specific occurrence citation for every jurisdiction.
Austria,Sovereign state,Yes,Culex,Culex tritaeniorhynchus complex,Absent,Categorical synthesis of documented occurrence and modelled habitat suitability for the principal JEV vector complex. Status does not quantify abundance or vector competence.,Peer-reviewed global occurrence and habitat-suitability modelling,S051,2026-05-06,Global occurrence/modelling source,"The cited model distinguishes documented occurrences from predicted suitability. Country-level categories should therefore be interpreted as ecological evidence tiers, not direct entomological surveillance measurements."
Azerbaijan,Sovereign state,Yes,Aedes,Aedes aegypti and/or Aedes albopictus,Limited / sporadic,"Categorical synthesis of occurrence and distribution evidence. Status denotes evidence of presence, limited/sporadic occurrence, absence, or uncertainty; it does not quantify mosquito abundance.",Peer-reviewed global occurrence/modelling; regional public-health distribution maps where applicable,S049; S050,2026-05-06,Global modelling,Vector presence indicates ecological compatibility with transmission but does not establish virus circulation. Global or regional sources may not provide a direct country-specific occurrence citation for every jurisdiction.
Azerbaijan,Sovereign state,Yes,Culex,Culex tritaeniorhynchus complex,Limited / uncertain,Categorical synthesis of documented occurrence and modelled habitat suitability for the principal JEV vector complex. Status does not quantify abundance or vector competence.,Peer-reviewed global occurrence and habitat-suitability modelling,S051,2026-05-06,Global occurrence/modelling source,"The cited model distinguishes documented occurrences from predicted suitability. Country-level categories should therefore be interpreted as ecological evidence tiers, not direct entomological surveillance measurements."
Bahamas,Sovereign state,Yes,Aedes,Aedes aegypti and/or Aedes albopictus,Present,"Categorical synthesis of occurrence and distribution evidence. Status denotes evidence of presence, limited/sporadic occurrence, absence, or uncertainty; it does not quantify mosquito abundance.",Peer-reviewed global occurrence/modelling; regional public-health distribution maps where applicable,S049; S050,2026-05-06,Global modelling,Vector presence indicates ecological compatibility with transmission but does not establish virus circulation. Global or regional sources may not provide a direct country-specific occurrence citation for every jurisdiction.
Bahamas,Sovereign state,Yes,Culex,Culex tritaeniorhynchus complex,Absent,Categorical synthesis of documented occurrence and modelled habitat suitability for the principal JEV vector complex. Status does not quantify abundance or vector competence.,Peer-reviewed global occurrence and habitat-suitability modelling,S051,2026-05-06,Global occurrence/modelling source,"The cited model distinguishes documented occurrences from predicted suitability. Country-level categories should therefore be interpreted as ecological evidence tiers, not direct entomological surveillance measurements."
Bahrain,Sovereign state,Yes,Aedes,Aedes aegypti and/or Aedes albopictus,Limited / sporadic,"Categorical synthesis of occurrence and distribution evidence. Status denotes evidence of presence, limited/sporadic occurrence, absence, or uncertainty; it does not quantify mosquito abundance.",Peer-reviewed global occurrence/modelling; regional public-health distribution maps where applicable,S049; S050,2026-05-06,Global modelling,Vector presence indicates ecological compatibility with transmission but does not establish virus circulation. Global or regional sources may not provide a direct country-specific occurrence citation for every jurisdiction.
Bahrain,Sovereign state,Yes,Culex,Culex tritaeniorhynchus complex,Absent,Categorical synthesis of documented occurrence and modelled habitat suitability for the principal JEV vector complex. Status does not quantify abundance or vector competence.,Peer-reviewed global occurrence and habitat-suitability modelling,S051,2026-05-06,Global occurrence/modelling source,"The cited model distinguishes documented occurrences from predicted suitability. Country-level categories should therefore be interpreted as ecological evidence tiers, not direct entomological surveillance measurements."
Bangladesh,Sovereign state,Yes,Aedes,Aedes aegypti and/or Aedes albopictus,Present,"Categorical synthesis of occurrence and distribution evidence. Status denotes evidence of presence, limited/sporadic occurrence, absence, or uncertainty; it does not quantify mosquito abundance.",Peer-reviewed global occurrence/modelling; regional public-health distribution maps where applicable,S049; S050,2026-05-06,Global modelling,Vector presence indicates ecological compatibility with transmission but does not establish virus circulation. Global or regional sources may not provide a direct country-specific occurrence citation for every jurisdiction.
Bangladesh,Sovereign state,Yes,Culex,Culex tritaeniorhynchus complex,Present,Categorical synthesis of documented occurrence and modelled habitat suitability for the principal JEV vector complex. Status does not quantify abundance or vector competence.,Peer-reviewed global occurrence and habitat-suitability modelling,S051,2026-05-06,Global occurrence/modelling source,"The cited model distinguishes documented occurrences from predicted suitability. Country-level categories should therefore be interpreted as ecological evidence tiers, not direct entomological surveillance measurements."
Barbados,Sovereign state,Yes,Aedes,Aedes aegypti and/or Aedes albopictus,Present,"Categorical synthesis of occurrence and distribution evidence. Status denotes evidence of presence, limited/sporadic occurrence, absence, or uncertainty; it does not quantify mosquito abundance.",Peer-reviewed global occurrence/modelling; regional public-health distribution maps where applicable,S049; S050,2026-05-06,Global modelling,Vector presence indicates ecological compatibility with transmission but does not establish virus circulation. Global or regional sources may not provide a direct country-specific occurrence citation for every jurisdiction.
Barbados,Sovereign state,Yes,Culex,Culex tritaeniorhynchus complex,Absent,Categorical synthesis of documented occurrence and modelled habitat suitability for the principal JEV vector complex. Status does not quantify abundance or vector competence.,Peer-reviewed global occurrence and habitat-suitability modelling,S051,2026-05-06,Global occurrence/modelling source,"The cited model distinguishes documented occurrences from predicted suitability. Country-level categories should therefore be interpreted as ecological evidence tiers, not direct entomological surveillance measurements."
Belarus,Sovereign state,Yes,Aedes,Aedes aegypti and/or Aedes albopictus,Absent,"Categorical synthesis of occurrence and distribution evidence. Status denotes evidence of presence, limited/sporadic occurrence, absence, or uncertainty; it does not quantify mosquito abundance.",Peer-reviewed global occurrence/modelling; regional public-health distribution maps where applicable,S049; S050; S023; S024,2026-05-06,Global modelling plus ECDC regional distribution maps,Vector presence indicates ecological compatibility with transmission but does not establish virus circulation. Global or regional sources may not provide a direct country-specific occurrence citation for every jurisdiction.
Belarus,Sovereign state,Yes,Culex,Culex tritaeniorhynchus complex,Absent,Categorical synthesis of documented occurrence and modelled habitat suitability for the principal JEV vector complex. Status does not quantify abundance or vector competence.,Peer-reviewed global occurrence and habitat-suitability modelling,S051,2026-05-06,Global occurrence/modelling source,"The cited model distinguishes documented occurrences from predicted suitability. Country-level categories should therefore be interpreted as ecological evidence tiers, not direct entomological surveillance measurements."
Belgium,Sovereign state,Yes,Aedes,Aedes aegypti and/or Aedes albopictus,Present,"Categorical synthesis of occurrence and distribution evidence. Status denotes evidence of presence, limited/sporadic occurrence, absence, or uncertainty; it does not quantify mosquito abundance.",Peer-reviewed global occurrence/modelling; regional public-health distribution maps where applicable,S049; S050; S023; S024,2026-05-06,Global modelling plus ECDC regional distribution maps,Vector presence indicates ecological compatibility with transmission but does not establish virus circulation. Global or regional sources may not provide a direct country-specific occurrence citation for every jurisdiction.
Belgium,Sovereign state,Yes,Culex,Culex tritaeniorhynchus complex,Absent,Categorical synthesis of documented occurrence and modelled habitat suitability for the principal JEV vector complex. Status does not quantify abundance or vector competence.,Peer-reviewed global occurrence and habitat-suitability modelling,S051,2026-05-06,Global occurrence/modelling source,"The cited model distinguishes documented occurrences from predicted suitability. Country-level categories should therefore be interpreted as ecological evidence tiers, not direct entomological surveillance measurements."
Belize,Sovereign state,Yes,Aedes,Aedes aegypti and/or Aedes albopictus,Present,"Categorical synthesis of occurrence and distribution evidence. Status denotes evidence of presence, limited/sporadic occurrence, absence, or uncertainty; it does not quantify mosquito abundance.",Peer-reviewed global occurrence/modelling; regional public-health distribution maps where applicable,S049; S050,2026-05-06,Global modelling,Vector presence indicates ecological compatibility with transmission but does not establish virus circulation. Global or regional sources may not provide a direct country-specific occurrence citation for every jurisdiction.
Belize,Sovereign state,Yes,Culex,Culex tritaeniorhynchus complex,Absent,Categorical synthesis of documented occurrence and modelled habitat suitability for the principal JEV vector complex. Status does not quantify abundance or vector competence.,Peer-reviewed global occurrence and habitat-suitability modelling,S051,2026-05-06,Global occurrence/modelling source,"The cited model distinguishes documented occurrences from predicted suitability. Country-level categories should therefore be interpreted as ecological evidence tiers, not direct entomological surveillance measurements."
Benin,Sovereign state,Yes,Aedes,Aedes aegypti and/or Aedes albopictus,Present,"Categorical synthesis of occurrence and distribution evidence. Status denotes evidence of presence, limited/sporadic occurrence, absence, or uncertainty; it does not quantify mosquito abundance.",Peer-reviewed global occurrence/modelling; regional public-health distribution maps where applicable,S049; S050,2026-05-06,Global modelling,Vector presence indicates ecological compatibility with transmission but does not establish virus circulation. Global or regional sources may not provide a direct country-specific occurrence citation for every jurisdiction.
Benin,Sovereign state,Yes,Culex,Culex tritaeniorhynchus complex,Absent,Categorical synthesis of documented occurrence and modelled habitat suitability for the principal JEV vector complex. Status does not quantify abundance or vector competence.,Peer-reviewed global occurrence and habitat-suitability modelling,S051,2026-05-06,Global occurrence/modelling source,"The cited model distinguishes documented occurrences from predicted suitability. Country-level categories should therefore be interpreted as ecological evidence tiers, not direct entomological surveillance measurements."
Bermuda,Territory/dependency or other jurisdiction,No,Aedes,Aedes aegypti and/or Aedes albopictus,Present,"Categorical synthesis of occurrence and distribution evidence. Status denotes evidence of presence, limited/sporadic occurrence, absence, or uncertainty; it does not quantify mosquito abundance.",Peer-reviewed global occurrence/modelling; regional public-health distribution maps where applicable,S049; S050,2026-05-06,Global modelling,Vector presence indicates ecological compatibility with transmission but does not establish virus circulation. Global or regional sources may not provide a direct country-specific occurrence citation for every jurisdiction.
Bermuda,Territory/dependency or other jurisdiction,No,Culex,Culex tritaeniorhynchus complex,Absent,Categorical synthesis of documented occurrence and modelled habitat suitability for the principal JEV vector complex. Status does not quantify abundance or vector competence.,Peer-reviewed global occurrence and habitat-suitability modelling,S051,2026-05-06,Global occurrence/modelling source,"The cited model distinguishes documented occurrences from predicted suitability. Country-level categories should therefore be interpreted as ecological evidence tiers, not direct entomological surveillance measurements."
Bhutan,Sovereign state,Yes,Aedes,Aedes aegypti and/or Aedes albopictus,Present,"Categorical synthesis of occurrence and distribution evidence. Status denotes evidence of presence, limited/sporadic occurrence, absence, or uncertainty; it does not quantify mosquito abundance.",Peer-reviewed global occurrence/modelling; regional public-health distribution maps where applicable,S049; S050,2026-05-06,Global modelling,Vector presence indicates ecological compatibility with transmission but does not establish virus circulation. Global or regional sources may not provide a direct country-specific occurrence citation for every jurisdiction.
Bhutan,Sovereign state,Yes,Culex,Culex tritaeniorhynchus complex,Present,Categorical synthesis of documented occurrence and modelled habitat suitability for the principal JEV vector complex. Status does not quantify abundance or vector competence.,Peer-reviewed global occurrence and habitat-suitability modelling,S051,2026-05-06,Global occurrence/modelling source,"The cited model distinguishes documented occurrences from predicted suitability. Country-level categories should therefore be interpreted as ecological evidence tiers, not direct entomological surveillance measurements."
"Bolivia, Plurinational State of",Sovereign state,Yes,Aedes,Aedes aegypti and/or Aedes albopictus,Present,"Categorical synthesis of occurrence and distribution evidence. Status denotes evidence of presence, limited/sporadic occurrence, absence, or uncertainty; it does not quantify mosquito abundance.",Peer-reviewed global occurrence/modelling; regional public-health distribution maps where applicable,S049; S050,2026-05-06,Global modelling,Vector presence indicates ecological compatibility with transmission but does not establish virus circulation. Global or regional sources may not provide a direct country-specific occurrence citation for every jurisdiction.
"Bolivia, Plurinational State of",Sovereign state,Yes,Culex,Culex tritaeniorhynchus complex,Absent,Categorical synthesis of documented occurrence and modelled habitat suitability for the principal JEV vector complex. Status does not quantify abundance or vector competence.,Peer-reviewed global occurrence and habitat-suitability modelling,S051,2026-05-06,Global occurrence/modelling source,"The cited model distinguishes documented occurrences from predicted suitability. Country-level categories should therefore be interpreted as ecological evidence tiers, not direct entomological surveillance measurements."
"Bonaire, Sint Eustatius and Saba",Territory/dependency or other jurisdiction,No,Aedes,Aedes aegypti and/or Aedes albopictus,Present,"Categorical synthesis of occurrence and distribution evidence. Status denotes evidence of presence, limited/sporadic occurrence, absence, or uncertainty; it does not quantify mosquito abundance.",Peer-reviewed global occurrence/modelling; regional public-health distribution maps where applicable,S049; S050,2026-05-06,Global modelling,Vector presence indicates ecological compatibility with transmission but does not establish virus circulation. Global or regional sources may not provide a direct country-specific occurrence citation for every jurisdiction.
"Bonaire, Sint Eustatius and Saba",Territory/dependency or other jurisdiction,No,Culex,Culex tritaeniorhynchus complex,Absent,Categorical synthesis of documented occurrence and modelled habitat suitability for the principal JEV vector complex. Status does not quantify abundance or vector competence.,Peer-reviewed global occurrence and habitat-suitability modelling,S051,2026-05-06,Global occurrence/modelling source,"The cited model distinguishes documented occurrences from predicted suitability. Country-level categories should therefore be interpreted as ecological evidence tiers, not direct entomological surveillance measurements."
Bosnia and Herzegovina,Sovereign state,Yes,Aedes,Aedes aegypti and/or Aedes albopictus,Limited / sporadic,"Categorical synthesis of occurrence and distribution evidence. Status denotes evidence of presence, limited/sporadic occurrence, absence, or uncertainty; it does not quantify mosquito abundance.",Peer-reviewed global occurrence/modelling; regional public-health distribution maps where applicable,S049; S050; S023; S024,2026-05-06,Global modelling plus ECDC regional distribution maps,Vector presence indicates ecological compatibility with transmission but does not establish virus circulation. Global or regional sources may not provide a direct country-specific occurrence citation for every jurisdiction.
Bosnia and Herzegovina,Sovereign state,Yes,Culex,Culex tritaeniorhynchus complex,Absent,Categorical synthesis of documented occurrence and modelled habitat suitability for the principal JEV vector complex. Status does not quantify abundance or vector competence.,Peer-reviewed global occurrence and habitat-suitability modelling,S051,2026-05-06,Global occurrence/modelling source,"The cited model distinguishes documented occurrences from predicted suitability. Country-level categories should therefore be interpreted as ecological evidence tiers, not direct entomological surveillance measurements."
Botswana,Sovereign state,Yes,Aedes,Aedes aegypti and/or Aedes albopictus,Limited / sporadic,"Categorical synthesis of occurrence and distribution evidence. Status denotes evidence of presence, limited/sporadic occurrence, absence, or uncertainty; it does not quantify mosquito abundance.",Peer-reviewed global occurrence/modelling; regional public-health distribution maps where applicable,S049; S050,2026-05-06,Global modelling,Vector presence indicates ecological compatibility with transmission but does not establish virus circulation. Global or regional sources may not provide a direct country-specific occurrence citation for every jurisdiction.
Botswana,Sovereign state,Yes,Culex,Culex tritaeniorhynchus complex,Absent,Categorical synthesis of documented occurrence and modelled habitat suitability for the principal JEV vector complex. Status does not quantify abundance or vector competence.,Peer-reviewed global occurrence and habitat-suitability modelling,S051,2026-05-06,Global occurrence/modelling source,"The cited model distinguishes documented occurrences from predicted suitability. Country-level categories should therefore be interpreted as ecological evidence tiers, not direct entomological surveillance measurements."
Bouvet Island,Territory/dependency or other jurisdiction,No,Aedes,Aedes aegypti and/or Aedes albopictus,Limited / sporadic,"Categorical synthesis of occurrence and distribution evidence. Status denotes evidence of presence, limited/sporadic occurrence, absence, or uncertainty; it does not quantify mosquito abundance.",Peer-reviewed global occurrence/modelling; regional public-health distribution maps where applicable,S049; S050,2026-05-06,Global modelling,Vector presence indicates ecological compatibility with transmission but does not establish virus circulation. Global or regional sources may not provide a direct country-specific occurrence citation for every jurisdiction.
Bouvet Island,Territory/dependency or other jurisdiction,No,Culex,Culex tritaeniorhynchus complex,Absent,Categorical synthesis of documented occurrence and modelled habitat suitability for the principal JEV vector complex. Status does not quantify abundance or vector competence.,Peer-reviewed global occurrence and habitat-suitability modelling,S051,2026-05-06,Global occurrence/modelling source,"The cited model distinguishes documented occurrences from predicted suitability. Country-level categories should therefore be interpreted as ecological evidence tiers, not direct entomological surveillance measurements."
Brazil,Sovereign state,Yes,Aedes,Aedes aegypti and/or Aedes albopictus,Present,"Categorical synthesis of occurrence and distribution evidence. Status denotes evidence of presence, limited/sporadic occurrence, absence, or uncertainty; it does not quantify mosquito abundance.",Peer-reviewed global occurrence/modelling; regional public-health distribution maps where applicable,S049; S050,2026-05-06,Global modelling,Vector presence indicates ecological compatibility with transmission but does not establish virus circulation. Global or regional sources may not provide a direct country-specific occurrence citation for every jurisdiction.
Brazil,Sovereign state,Yes,Culex,Culex tritaeniorhynchus complex,Absent,Categorical synthesis of documented occurrence and modelled habitat suitability for the principal JEV vector complex. Status does not quantify abundance or vector competence.,Peer-reviewed global occurrence and habitat-suitability modelling,S051,2026-05-06,Global occurrence/modelling source,"The cited model distinguishes documented occurrences from predicted suitability. Country-level categories should therefore be interpreted as ecological evidence tiers, not direct entomological surveillance measurements."
British Indian Ocean Territory,Territory/dependency or other jurisdiction,No,Aedes,Aedes aegypti and/or Aedes albopictus,Limited / sporadic,"Categorical synthesis of occurrence and distribution evidence. Status denotes evidence of presence, limited/sporadic occurrence, absence, or uncertainty; it does not quantify mosquito abundance.",Peer-reviewed global occurrence/modelling; regional public-health distribution maps where applicable,S049; S050,2026-05-06,Global modelling,Vector presence indicates ecological compatibility with transmission but does not establish virus circulation. Global or regional sources may not provide a direct country-specific occurrence citation for every jurisdiction.
British Indian Ocean Territory,Territory/dependency or other jurisdiction,No,Culex,Culex tritaeniorhynchus complex,Absent,Categorical synthesis of documented occurrence and modelled habitat suitability for the principal JEV vector complex. Status does not quantify abundance or vector competence.,Peer-reviewed global occurrence and habitat-suitability modelling,S051,2026-05-06,Global occurrence/modelling source,"The cited model distinguishes documented occurrences from predicted suitability. Country-level categories should therefore be interpreted as ecological evidence tiers, not direct entomological surveillance measurements."
Brunei Darussalam,Sovereign state,Yes,Aedes,Aedes aegypti and/or Aedes albopictus,Present,"Categorical synthesis of occurrence and distribution evidence. Status denotes evidence of presence, limited/sporadic occurrence, absence, or uncertainty; it does not quantify mosquito abundance.",Peer-reviewed global occurrence/modelling; regional public-health distribution maps where applicable,S049; S050,2026-05-06,Global modelling,Vector presence indicates ecological compatibility with transmission but does not establish virus circulation. Global or regional sources may not provide a direct country-specific occurrence citation for every jurisdiction.
Brunei Darussalam,Sovereign state,Yes,Culex,Culex tritaeniorhynchus complex,Present,Categorical synthesis of documented occurrence and modelled habitat suitability for the principal JEV vector complex. Status does not quantify abundance or vector competence.,Peer-reviewed global occurrence and habitat-suitability modelling,S051,2026-05-06,Global occurrence/modelling source,"The cited model distinguishes documented occurrences from predicted suitability. Country-level categories should therefore be interpreted as ecological evidence tiers, not direct entomological surveillance measurements."
Bulgaria,Sovereign state,Yes,Aedes,Aedes aegypti and/or Aedes albopictus,Limited / sporadic,"Categorical synthesis of occurrence and distribution evidence. Status denotes evidence of presence, limited/sporadic occurrence, absence, or uncertainty; it does not quantify mosquito abundance.",Peer-reviewed global occurrence/modelling; regional public-health distribution maps where applicable,S049; S050; S023; S024,2026-05-06,Global modelling plus ECDC regional distribution maps,Vector presence indicates ecological compatibility with transmission but does not establish virus circulation. Global or regional sources may not provide a direct country-specific occurrence citation for every jurisdiction.
Bulgaria,Sovereign state,Yes,Culex,Culex tritaeniorhynchus complex,Absent,Categorical synthesis of documented occurrence and modelled habitat suitability for the principal JEV vector complex. Status does not quantify abundance or vector competence.,Peer-reviewed global occurrence and habitat-suitability modelling,S051,2026-05-06,Global occurrence/modelling source,"The cited model distinguishes documented occurrences from predicted suitability. Country-level categories should therefore be interpreted as ecological evidence tiers, not direct entomological surveillance measurements."
Burkina Faso,Sovereign state,Yes,Aedes,Aedes aegypti and/or Aedes albopictus,Present,"Categorical synthesis of occurrence and distribution evidence. Status denotes evidence of presence, limited/sporadic occurrence, absence, or uncertainty; it does not quantify mosquito abundance.",Peer-reviewed global occurrence/modelling; regional public-health distribution maps where applicable,S049; S050,2026-05-06,Global modelling,Vector presence indicates ecological compatibility with transmission but does not establish virus circulation. Global or regional sources may not provide a direct country-specific occurrence citation for every jurisdiction.
Burkina Faso,Sovereign state,Yes,Culex,Culex tritaeniorhynchus complex,Absent,Categorical synthesis of documented occurrence and modelled habitat suitability for the principal JEV vector complex. Status does not quantify abundance or vector competence.,Peer-reviewed global occurrence and habitat-suitability modelling,S051,2026-05-06,Global occurrence/modelling source,"The cited model distinguishes documented occurrences from predicted suitability. Country-level categories should therefore be interpreted as ecological evidence tiers, not direct entomological surveillance measurements."
Burundi,Sovereign state,Yes,Aedes,Aedes aegypti and/or Aedes albopictus,Present,"Categorical synthesis of occurrence and distribution evidence. Status denotes evidence of presence, limited/sporadic occurrence, absence, or uncertainty; it does not quantify mosquito abundance.",Peer-reviewed global occurrence/modelling; regional public-health distribution maps where applicable,S049; S050,2026-05-06,Global modelling,Vector presence indicates ecological compatibility with transmission but does not establish virus circulation. Global or regional sources may not provide a direct country-specific occurrence citation for every jurisdiction.
Burundi,Sovereign state,Yes,Culex,Culex tritaeniorhynchus complex,Absent,Categorical synthesis of documented occurrence and modelled habitat suitability for the principal JEV vector complex. Status does not quantify abundance or vector competence.,Peer-reviewed global occurrence and habitat-suitability modelling,S051,2026-05-06,Global occurrence/modelling source,"The cited model distinguishes documented occurrences from predicted suitability. Country-level categories should therefore be interpreted as ecological evidence tiers, not direct entomological surveillance measurements."
Cabo Verde,Sovereign state,Yes,Aedes,Aedes aegypti and/or Aedes albopictus,Present,"Categorical synthesis of occurrence and distribution evidence. Status denotes evidence of presence, limited/sporadic occurrence, absence, or uncertainty; it does not quantify mosquito abundance.",Peer-reviewed global occurrence/modelling; regional public-health distribution maps where applicable,S049; S050,2026-05-06,Global modelling,Vector presence indicates ecological compatibility with transmission but does not establish virus circulation. Global or regional sources may not provide a direct country-specific occurrence citation for every jurisdiction.
Cabo Verde,Sovereign state,Yes,Culex,Culex tritaeniorhynchus complex,Absent,Categorical synthesis of documented occurrence and modelled habitat suitability for the principal JEV vector complex. Status does not quantify abundance or vector competence.,Peer-reviewed global occurrence and habitat-suitability modelling,S051,2026-05-06,Global occurrence/modelling source,"The cited model distinguishes documented occurrences from predicted suitability. Country-level categories should therefore be interpreted as ecological evidence tiers, not direct entomological surveillance measurements."
Cambodia,Sovereign state,Yes,Aedes,Aedes aegypti and/or Aedes albopictus,Present,"Categorical synthesis of occurrence and distribution evidence. Status denotes evidence of presence, limited/sporadic occurrence, absence, or uncertainty; it does not quantify mosquito abundance.",Peer-reviewed global occurrence/modelling; regional public-health distribution maps where applicable,S049; S050,2026-05-06,Global modelling,Vector presence indicates ecological compatibility with transmission but does not establish virus circulation. Global or regional sources may not provide a direct country-specific occurrence citation for every jurisdiction.
Cambodia,Sovereign state,Yes,Culex,Culex tritaeniorhynchus complex,Present,Categorical synthesis of documented occurrence and modelled habitat suitability for the principal JEV vector complex. Status does not quantify abundance or vector competence.,Peer-reviewed global occurrence and habitat-suitability modelling,S051,2026-05-06,Global occurrence/modelling source,"The cited model distinguishes documented occurrences from predicted suitability. Country-level categories should therefore be interpreted as ecological evidence tiers, not direct entomological surveillance measurements."
Cameroon,Sovereign state,Yes,Aedes,Aedes aegypti and/or Aedes albopictus,Present,"Categorical synthesis of occurrence and distribution evidence. Status denotes evidence of presence, limited/sporadic occurrence, absence, or uncertainty; it does not quantify mosquito abundance.",Peer-reviewed global occurrence/modelling; regional public-health distribution maps where applicable,S049; S050,2026-05-06,Global modelling,Vector presence indicates ecological compatibility with transmission but does not establish virus circulation. Global or regional sources may not provide a direct country-specific occurrence citation for every jurisdiction.
Cameroon,Sovereign state,Yes,Culex,Culex tritaeniorhynchus complex,Absent,Categorical synthesis of documented occurrence and modelled habitat suitability for the principal JEV vector complex. Status does not quantify abundance or vector competence.,Peer-reviewed global occurrence and habitat-suitability modelling,S051,2026-05-06,Global occurrence/modelling source,"The cited model distinguishes documented occurrences from predicted suitability. Country-level categories should therefore be interpreted as ecological evidence tiers, not direct entomological surveillance measurements."
Canada,Sovereign state,Yes,Aedes,Aedes aegypti and/or Aedes albopictus,Limited / sporadic,"Categorical synthesis of occurrence and distribution evidence. Status denotes evidence of presence, limited/sporadic occurrence, absence, or uncertainty; it does not quantify mosquito abundance.",Peer-reviewed global occurrence/modelling; regional public-health distribution maps where applicable,S049; S050,2026-05-06,Global modelling,Vector presence indicates ecological compatibility with transmission but does not establish virus circulation. Global or regional sources may not provide a direct country-specific occurrence citation for every jurisdiction.
Canada,Sovereign state,Yes,Culex,Culex tritaeniorhynchus complex,Absent,Categorical synthesis of documented occurrence and modelled habitat suitability for the principal JEV vector complex. Status does not quantify abundance or vector competence.,Peer-reviewed global occurrence and habitat-suitability modelling,S051,2026-05-06,Global occurrence/modelling source,"The cited model distinguishes documented occurrences from predicted suitability. Country-level categories should therefore be interpreted as ecological evidence tiers, not direct entomological surveillance measurements."
Cayman Islands,Territory/dependency or other jurisdiction,No,Aedes,Aedes aegypti and/or Aedes albopictus,Present,"Categorical synthesis of occurrence and distribution evidence. Status denotes evidence of presence, limited/sporadic occurrence, absence, or uncertainty; it does not quantify mosquito abundance.",Peer-reviewed global occurrence/modelling; regional public-health distribution maps where applicable,S049; S050,2026-05-06,Global modelling,Vector presence indicates ecological compatibility with transmission but does not establish virus circulation. Global or regional sources may not provide a direct country-specific occurrence citation for every jurisdiction.
Cayman Islands,Territory/dependency or other jurisdiction,No,Culex,Culex tritaeniorhynchus complex,Absent,Categorical synthesis of documented occurrence and modelled habitat suitability for the principal JEV vector complex. Status does not quantify abundance or vector competence.,Peer-reviewed global occurrence and habitat-suitability modelling,S051,2026-05-06,Global occurrence/modelling source,"The cited model distinguishes documented occurrences from predicted suitability. Country-level categories should therefore be interpreted as ecological evidence tiers, not direct entomological surveillance measurements."
Central African Republic,Sovereign state,Yes,Aedes,Aedes aegypti and/or Aedes albopictus,Present,"Categorical synthesis of occurrence and distribution evidence. Status denotes evidence of presence, limited/sporadic occurrence, absence, or uncertainty; it does not quantify mosquito abundance.",Peer-reviewed global occurrence/modelling; regional public-health distribution maps where applicable,S049; S050,2026-05-06,Global modelling,Vector presence indicates ecological compatibility with transmission but does not establish virus circulation. Global or regional sources may not provide a direct country-specific occurrence citation for every jurisdiction.
Central African Republic,Sovereign state,Yes,Culex,Culex tritaeniorhynchus complex,Absent,Categorical synthesis of documented occurrence and modelled habitat suitability for the principal JEV vector complex. Status does not quantify abundance or vector competence.,Peer-reviewed global occurrence and habitat-suitability modelling,S051,2026-05-06,Global occurrence/modelling source,"The cited model distinguishes documented occurrences from predicted suitability. Country-level categories should therefore be interpreted as ecological evidence tiers, not direct entomological surveillance measurements."
Chad,Sovereign state,Yes,Aedes,Aedes aegypti and/or Aedes albopictus,Present,"Categorical synthesis of occurrence and distribution evidence. Status denotes evidence of presence, limited/sporadic occurrence, absence, or uncertainty; it does not quantify mosquito abundance.",Peer-reviewed global occurrence/modelling; regional public-health distribution maps where applicable,S049; S050,2026-05-06,Global modelling,Vector presence indicates ecological compatibility with transmission but does not establish virus circulation. Global or regional sources may not provide a direct country-specific occurrence citation for every jurisdiction.
Chad,Sovereign state,Yes,Culex,Culex tritaeniorhynchus complex,Absent,Categorical synthesis of documented occurrence and modelled habitat suitability for the principal JEV vector complex. Status does not quantify abundance or vector competence.,Peer-reviewed global occurrence and habitat-suitability modelling,S051,2026-05-06,Global occurrence/modelling source,"The cited model distinguishes documented occurrences from predicted suitability. Country-level categories should therefore be interpreted as ecological evidence tiers, not direct entomological surveillance measurements."
Chile,Sovereign state,Yes,Aedes,Aedes aegypti and/or Aedes albopictus,Limited / sporadic,"Categorical synthesis of occurrence and distribution evidence. Status denotes evidence of presence, limited/sporadic occurrence, absence, or uncertainty; it does not quantify mosquito abundance.",Peer-reviewed global occurrence/modelling; regional public-health distribution maps where applicable,S049; S050,2026-05-06,Global modelling,Vector presence indicates ecological compatibility with transmission but does not establish virus circulation. Global or regional sources may not provide a direct country-specific occurrence citation for every jurisdiction.
Chile,Sovereign state,Yes,Culex,Culex tritaeniorhynchus complex,Absent,Categorical synthesis of documented occurrence and modelled habitat suitability for the principal JEV vector complex. Status does not quantify abundance or vector competence.,Peer-reviewed global occurrence and habitat-suitability modelling,S051,2026-05-06,Global occurrence/modelling source,"The cited model distinguishes documented occurrences from predicted suitability. Country-level categories should therefore be interpreted as ecological evidence tiers, not direct entomological surveillance measurements."
China,Sovereign state,Yes,Aedes,Aedes aegypti and/or Aedes albopictus,Present,"Categorical synthesis of occurrence and distribution evidence. Status denotes evidence of presence, limited/sporadic occurrence, absence, or uncertainty; it does not quantify mosquito abundance.",Peer-reviewed global occurrence/modelling; regional public-health distribution maps where applicable,S049; S050,2026-05-06,Global modelling,Vector presence indicates ecological compatibility with transmission but does not establish virus circulation. Global or regional sources may not provide a direct country-specific occurrence citation for every jurisdiction.
China,Sovereign state,Yes,Culex,Culex tritaeniorhynchus complex,Present,Categorical synthesis of documented occurrence and modelled habitat suitability for the principal JEV vector complex. Status does not quantify abundance or vector competence.,Peer-reviewed global occurrence and habitat-suitability modelling,S051,2026-05-06,Global occurrence/modelling source,"The cited model distinguishes documented occurrences from predicted suitability. Country-level categories should therefore be interpreted as ecological evidence tiers, not direct entomological surveillance measurements."
Christmas Island,Territory/dependency or other jurisdiction,No,Aedes,Aedes aegypti and/or Aedes albopictus,Limited / sporadic,"Categorical synthesis of occurrence and distribution evidence. Status denotes evidence of presence, limited/sporadic occurrence, absence, or uncertainty; it does not quantify mosquito abundance.",Peer-reviewed global occurrence/modelling; regional public-health distribution maps where applicable,S049; S050,2026-05-06,Global modelling,Vector presence indicates ecological compatibility with transmission but does not establish virus circulation. Global or regional sources may not provide a direct country-specific occurrence citation for every jurisdiction.
Christmas Island,Territory/dependency or other jurisdiction,No,Culex,Culex tritaeniorhynchus complex,Absent,Categorical synthesis of documented occurrence and modelled habitat suitability for the principal JEV vector complex. Status does not quantify abundance or vector competence.,Peer-reviewed global occurrence and habitat-suitability modelling,S051,2026-05-06,Global occurrence/modelling source,"The cited model distinguishes documented occurrences from predicted suitability. Country-level categories should therefore be interpreted as ecological evidence tiers, not direct entomological surveillance measurements."
Cocos (Keeling) Islands,Territory/dependency or other jurisdiction,No,Aedes,Aedes aegypti and/or Aedes albopictus,Limited / sporadic,"Categorical synthesis of occurrence and distribution evidence. Status denotes evidence of presence, limited/sporadic occurrence, absence, or uncertainty; it does not quantify mosquito abundance.",Peer-reviewed global occurrence/modelling; regional public-health distribution maps where applicable,S049; S050,2026-05-06,Global modelling,Vector presence indicates ecological compatibility with transmission but does not establish virus circulation. Global or regional sources may not provide a direct country-specific occurrence citation for every jurisdiction.
Cocos (Keeling) Islands,Territory/dependency or other jurisdiction,No,Culex,Culex tritaeniorhynchus complex,Absent,Categorical synthesis of documented occurrence and modelled habitat suitability for the principal JEV vector complex. Status does not quantify abundance or vector competence.,Peer-reviewed global occurrence and habitat-suitability modelling,S051,2026-05-06,Global occurrence/modelling source,"The cited model distinguishes documented occurrences from predicted suitability. Country-level categories should therefore be interpreted as ecological evidence tiers, not direct entomological surveillance measurements."
Colombia,Sovereign state,Yes,Aedes,Aedes aegypti and/or Aedes albopictus,Present,"Categorical synthesis of occurrence and distribution evidence. Status denotes evidence of presence, limited/sporadic occurrence, absence, or uncertainty; it does not quantify mosquito abundance.",Peer-reviewed global occurrence/modelling; regional public-health distribution maps where applicable,S049; S050,2026-05-06,Global modelling,Vector presence indicates ecological compatibility with transmission but does not establish virus circulation. Global or regional sources may not provide a direct country-specific occurrence citation for every jurisdiction.
Colombia,Sovereign state,Yes,Culex,Culex tritaeniorhynchus complex,Absent,Categorical synthesis of documented occurrence and modelled habitat suitability for the principal JEV vector complex. Status does not quantify abundance or vector competence.,Peer-reviewed global occurrence and habitat-suitability modelling,S051,2026-05-06,Global occurrence/modelling source,"The cited model distinguishes documented occurrences from predicted suitability. Country-level categories should therefore be interpreted as ecological evidence tiers, not direct entomological surveillance measurements."
Comoros,Sovereign state,Yes,Aedes,Aedes aegypti and/or Aedes albopictus,Present,"Categorical synthesis of occurrence and distribution evidence. Status denotes evidence of presence, limited/sporadic occurrence, absence, or uncertainty; it does not quantify mosquito abundance.",Peer-reviewed global occurrence/modelling; regional public-health distribution maps where applicable,S049; S050,2026-05-06,Global modelling,Vector presence indicates ecological compatibility with transmission but does not establish virus circulation. Global or regional sources may not provide a direct country-specific occurrence citation for every jurisdiction.
Comoros,Sovereign state,Yes,Culex,Culex tritaeniorhynchus complex,Absent,Categorical synthesis of documented occurrence and modelled habitat suitability for the principal JEV vector complex. Status does not quantify abundance or vector competence.,Peer-reviewed global occurrence and habitat-suitability modelling,S051,2026-05-06,Global occurrence/modelling source,"The cited model distinguishes documented occurrences from predicted suitability. Country-level categories should therefore be interpreted as ecological evidence tiers, not direct entomological surveillance measurements."
Congo,Sovereign state,Yes,Aedes,Aedes aegypti and/or Aedes albopictus,Present,"Categorical synthesis of occurrence and distribution evidence. Status denotes evidence of presence, limited/sporadic occurrence, absence, or uncertainty; it does not quantify mosquito abundance.",Peer-reviewed global occurrence/modelling; regional public-health distribution maps where applicable,S049; S050,2026-05-06,Global modelling,Vector presence indicates ecological compatibility with transmission but does not establish virus circulation. Global or regional sources may not provide a direct country-specific occurrence citation for every jurisdiction.
Congo,Sovereign state,Yes,Culex,Culex tritaeniorhynchus complex,Absent,Categorical synthesis of documented occurrence and modelled habitat suitability for the principal JEV vector complex. Status does not quantify abundance or vector competence.,Peer-reviewed global occurrence and habitat-suitability modelling,S051,2026-05-06,Global occurrence/modelling source,"The cited model distinguishes documented occurrences from predicted suitability. Country-level categories should therefore be interpreted as ecological evidence tiers, not direct entomological surveillance measurements."
"Congo, The Democratic Republic of the",Sovereign state,Yes,Aedes,Aedes aegypti and/or Aedes albopictus,Present,"Categorical synthesis of occurrence and distribution evidence. Status denotes evidence of presence, limited/sporadic occurrence, absence, or uncertainty; it does not quantify mosquito abundance.",Peer-reviewed global occurrence/modelling; regional public-health distribution maps where applicable,S049; S050,2026-05-06,Global modelling,Vector presence indicates ecological compatibility with transmission but does not establish virus circulation. Global or regional sources may not provide a direct country-specific occurrence citation for every jurisdiction.
"Congo, The Democratic Republic of the",Sovereign state,Yes,Culex,Culex tritaeniorhynchus complex,Absent,Categorical synthesis of documented occurrence and modelled habitat suitability for the principal JEV vector complex. Status does not quantify abundance or vector competence.,Peer-reviewed global occurrence and habitat-suitability modelling,S051,2026-05-06,Global occurrence/modelling source,"The cited model distinguishes documented occurrences from predicted suitability. Country-level categories should therefore be interpreted as ecological evidence tiers, not direct entomological surveillance measurements."
Cook Islands,Territory/dependency or other jurisdiction,No,Aedes,Aedes aegypti and/or Aedes albopictus,Present,"Categorical synthesis of occurrence and distribution evidence. Status denotes evidence of presence, limited/sporadic occurrence, absence, or uncertainty; it does not quantify mosquito abundance.",Peer-reviewed global occurrence/modelling; regional public-health distribution maps where applicable,S049; S050,2026-05-06,Global modelling,Vector presence indicates ecological compatibility with transmission but does not establish virus circulation. Global or regional sources may not provide a direct country-specific occurrence citation for every jurisdiction.
Cook Islands,Territory/dependency or other jurisdiction,No,Culex,Culex tritaeniorhynchus complex,Limited / uncertain,Categorical synthesis of documented occurrence and modelled habitat suitability for the principal JEV vector complex. Status does not quantify abundance or vector competence.,Peer-reviewed global occurrence and habitat-suitability modelling,S051,2026-05-06,Global occurrence/modelling source,"The cited model distinguishes documented occurrences from predicted suitability. Country-level categories should therefore be interpreted as ecological evidence tiers, not direct entomological surveillance measurements."
Costa Rica,Sovereign state,Yes,Aedes,Aedes aegypti and/or Aedes albopictus,Present,"Categorical synthesis of occurrence and distribution evidence. Status denotes evidence of presence, limited/sporadic occurrence, absence, or uncertainty; it does not quantify mosquito abundance.",Peer-reviewed global occurrence/modelling; regional public-health distribution maps where applicable,S049; S050,2026-05-06,Global modelling,Vector presence indicates ecological compatibility with transmission but does not establish virus circulation. Global or regional sources may not provide a direct country-specific occurrence citation for every jurisdiction.
Costa Rica,Sovereign state,Yes,Culex,Culex tritaeniorhynchus complex,Absent,Categorical synthesis of documented occurrence and modelled habitat suitability for the principal JEV vector complex. Status does not quantify abundance or vector competence.,Peer-reviewed global occurrence and habitat-suitability modelling,S051,2026-05-06,Global occurrence/modelling source,"The cited model distinguishes documented occurrences from predicted suitability. Country-level categories should therefore be interpreted as ecological evidence tiers, not direct entomological surveillance measurements."
Croatia,Sovereign state,Yes,Aedes,Aedes aegypti and/or Aedes albopictus,Present,"Categorical synthesis of occurrence and distribution evidence. Status denotes evidence of presence, limited/sporadic occurrence, absence, or uncertainty; it does not quantify mosquito abundance.",Peer-reviewed global occurrence/modelling; regional public-health distribution maps where applicable,S049; S050; S023; S024,2026-05-06,Global modelling plus ECDC regional distribution maps,Vector presence indicates ecological compatibility with transmission but does not establish virus circulation. Global or regional sources may not provide a direct country-specific occurrence citation for every jurisdiction.
Croatia,Sovereign state,Yes,Culex,Culex tritaeniorhynchus complex,Absent,Categorical synthesis of documented occurrence and modelled habitat suitability for the principal JEV vector complex. Status does not quantify abundance or vector competence.,Peer-reviewed global occurrence and habitat-suitability modelling,S051,2026-05-06,Global occurrence/modelling source,"The cited model distinguishes documented occurrences from predicted suitability. Country-level categories should therefore be interpreted as ecological evidence tiers, not direct entomological surveillance measurements."
Cuba,Sovereign state,Yes,Aedes,Aedes aegypti and/or Aedes albopictus,Present,"Categorical synthesis of occurrence and distribution evidence. Status denotes evidence of presence, limited/sporadic occurrence, absence, or uncertainty; it does not quantify mosquito abundance.",Peer-reviewed global occurrence/modelling; regional public-health distribution maps where applicable,S049; S050,2026-05-06,Global modelling,Vector presence indicates ecological compatibility with transmission but does not establish virus circulation. Global or regional sources may not provide a direct country-specific occurrence citation for every jurisdiction.
Cuba,Sovereign state,Yes,Culex,Culex tritaeniorhynchus complex,Absent,Categorical synthesis of documented occurrence and modelled habitat suitability for the principal JEV vector complex. Status does not quantify abundance or vector competence.,Peer-reviewed global occurrence and habitat-suitability modelling,S051,2026-05-06,Global occurrence/modelling source,"The cited model distinguishes documented occurrences from predicted suitability. Country-level categories should therefore be interpreted as ecological evidence tiers, not direct entomological surveillance measurements."
Curaçao,Territory/dependency or other jurisdiction,No,Aedes,Aedes aegypti and/or Aedes albopictus,Present,"Categorical synthesis of occurrence and distribution evidence. Status denotes evidence of presence, limited/sporadic occurrence, absence, or uncertainty; it does not quantify mosquito abundance.",Peer-reviewed global occurrence/modelling; regional public-health distribution maps where applicable,S049; S050,2026-05-06,Global modelling,Vector presence indicates ecological compatibility with transmission but does not establish virus circulation. Global or regional sources may not provide a direct country-specific occurrence citation for every jurisdiction.
Curaçao,Territory/dependency or other jurisdiction,No,Culex,Culex tritaeniorhynchus complex,Absent,Categorical synthesis of documented occurrence and modelled habitat suitability for the principal JEV vector complex. Status does not quantify abundance or vector competence.,Peer-reviewed global occurrence and habitat-suitability modelling,S051,2026-05-06,Global occurrence/modelling source,"The cited model distinguishes documented occurrences from predicted suitability. Country-level categories should therefore be interpreted as ecological evidence tiers, not direct entomological surveillance measurements."
Cyprus,Sovereign state,Yes,Aedes,Aedes aegypti and/or Aedes albopictus,Present,"Categorical synthesis of occurrence and distribution evidence. Status denotes evidence of presence, limited/sporadic occurrence, absence, or uncertainty; it does not quantify mosquito abundance.",Peer-reviewed global occurrence/modelling; regional public-health distribution maps where applicable,S049; S050; S023; S024,2026-05-06,Global modelling plus ECDC regional distribution maps,Vector presence indicates ecological compatibility with transmission but does not establish virus circulation. Global or regional sources may not provide a direct country-specific occurrence citation for every jurisdiction.
Cyprus,Sovereign state,Yes,Culex,Culex tritaeniorhynchus complex,Absent,Categorical synthesis of documented occurrence and modelled habitat suitability for the principal JEV vector complex. Status does not quantify abundance or vector competence.,Peer-reviewed global occurrence and habitat-suitability modelling,S051,2026-05-06,Global occurrence/modelling source,"The cited model distinguishes documented occurrences from predicted suitability. Country-level categories should therefore be interpreted as ecological evidence tiers, not direct entomological surveillance measurements."
Czechia,Sovereign state,Yes,Aedes,Aedes aegypti and/or Aedes albopictus,Limited / sporadic,"Categorical synthesis of occurrence and distribution evidence. Status denotes evidence of presence, limited/sporadic occurrence, absence, or uncertainty; it does not quantify mosquito abundance.",Peer-reviewed global occurrence/modelling; regional public-health distribution maps where applicable,S049; S050; S023; S024,2026-05-06,Global modelling plus ECDC regional distribution maps,Vector presence indicates ecological compatibility with transmission but does not establish virus circulation. Global or regional sources may not provide a direct country-specific occurrence citation for every jurisdiction.
Czechia,Sovereign state,Yes,Culex,Culex tritaeniorhynchus complex,Absent,Categorical synthesis of documented occurrence and modelled habitat suitability for the principal JEV vector complex. Status does not quantify abundance or vector competence.,Peer-reviewed global occurrence and habitat-suitability modelling,S051,2026-05-06,Global occurrence/modelling source,"The cited model distinguishes documented occurrences from predicted suitability. Country-level categories should therefore be interpreted as ecological evidence tiers, not direct entomological surveillance measurements."
Côte d'Ivoire,Sovereign state,Yes,Aedes,Aedes aegypti and/or Aedes albopictus,Present,"Categorical synthesis of occurrence and distribution evidence. Status denotes evidence of presence, limited/sporadic occurrence, absence, or uncertainty; it does not quantify mosquito abundance.",Peer-reviewed global occurrence/modelling; regional public-health distribution maps where applicable,S049; S050,2026-05-06,Global modelling,Vector presence indicates ecological compatibility with transmission but does not establish virus circulation. Global or regional sources may not provide a direct country-specific occurrence citation for every jurisdiction.
Côte d'Ivoire,Sovereign state,Yes,Culex,Culex tritaeniorhynchus complex,Absent,Categorical synthesis of documented occurrence and modelled habitat suitability for the principal JEV vector complex. Status does not quantify abundance or vector competence.,Peer-reviewed global occurrence and habitat-suitability modelling,S051,2026-05-06,Global occurrence/modelling source,"The cited model distinguishes documented occurrences from predicted suitability. Country-level categories should therefore be interpreted as ecological evidence tiers, not direct entomological surveillance measurements."
Denmark,Sovereign state,Yes,Aedes,Aedes aegypti and/or Aedes albopictus,Limited / sporadic,"Categorical synthesis of occurrence and distribution evidence. Status denotes evidence of presence, limited/sporadic occurrence, absence, or uncertainty; it does not quantify mosquito abundance.",Peer-reviewed global occurrence/modelling; regional public-health distribution maps where applicable,S049; S050; S023; S024,2026-05-06,Global modelling plus ECDC regional distribution maps,Vector presence indicates ecological compatibility with transmission but does not establish virus circulation. Global or regional sources may not provide a direct country-specific occurrence citation for every jurisdiction.
Denmark,Sovereign state,Yes,Culex,Culex tritaeniorhynchus complex,Absent,Categorical synthesis of documented occurrence and modelled habitat suitability for the principal JEV vector complex. Status does not quantify abundance or vector competence.,Peer-reviewed global occurrence and habitat-suitability modelling,S051,2026-05-06,Global occurrence/modelling source,"The cited model distinguishes documented occurrences from predicted suitability. Country-level categories should therefore be interpreted as ecological evidence tiers, not direct entomological surveillance measurements."
Djibouti,Sovereign state,Yes,Aedes,Aedes aegypti and/or Aedes albopictus,Present,"Categorical synthesis of occurrence and distribution evidence. Status denotes evidence of presence, limited/sporadic occurrence, absence, or uncertainty; it does not quantify mosquito abundance.",Peer-reviewed global occurrence/modelling; regional public-health distribution maps where applicable,S049; S050,2026-05-06,Global modelling,Vector presence indicates ecological compatibility with transmission but does not establish virus circulation. Global or regional sources may not provide a direct country-specific occurrence citation for every jurisdiction.
Djibouti,Sovereign state,Yes,Culex,Culex tritaeniorhynchus complex,Absent,Categorical synthesis of documented occurrence and modelled habitat suitability for the principal JEV vector complex. Status does not quantify abundance or vector competence.,Peer-reviewed global occurrence and habitat-suitability modelling,S051,2026-05-06,Global occurrence/modelling source,"The cited model distinguishes documented occurrences from predicted suitability. Country-level categories should therefore be interpreted as ecological evidence tiers, not direct entomological surveillance measurements."
Dominica,Sovereign state,Yes,Aedes,Aedes aegypti and/or Aedes albopictus,Present,"Categorical synthesis of occurrence and distribution evidence. Status denotes evidence of presence, limited/sporadic occurrence, absence, or uncertainty; it does not quantify mosquito abundance.",Peer-reviewed global occurrence/modelling; regional public-health distribution maps where applicable,S049; S050,2026-05-06,Global modelling,Vector presence indicates ecological compatibility with transmission but does not establish virus circulation. Global or regional sources may not provide a direct country-specific occurrence citation for every jurisdiction.
Dominica,Sovereign state,Yes,Culex,Culex tritaeniorhynchus complex,Absent,Categorical synthesis of documented occurrence and modelled habitat suitability for the principal JEV vector complex. Status does not quantify abundance or vector competence.,Peer-reviewed global occurrence and habitat-suitability modelling,S051,2026-05-06,Global occurrence/modelling source,"The cited model distinguishes documented occurrences from predicted suitability. Country-level categories should therefore be interpreted as ecological evidence tiers, not direct entomological surveillance measurements."
Dominican Republic,Sovereign state,Yes,Aedes,Aedes aegypti and/or Aedes albopictus,Present,"Categorical synthesis of occurrence and distribution evidence. Status denotes evidence of presence, limited/sporadic occurrence, absence, or uncertainty; it does not quantify mosquito abundance.",Peer-reviewed global occurrence/modelling; regional public-health distribution maps where applicable,S049; S050,2026-05-06,Global modelling,Vector presence indicates ecological compatibility with transmission but does not establish virus circulation. Global or regional sources may not provide a direct country-specific occurrence citation for every jurisdiction.
Dominican Republic,Sovereign state,Yes,Culex,Culex tritaeniorhynchus complex,Absent,Categorical synthesis of documented occurrence and modelled habitat suitability for the principal JEV vector complex. Status does not quantify abundance or vector competence.,Peer-reviewed global occurrence and habitat-suitability modelling,S051,2026-05-06,Global occurrence/modelling source,"The cited model distinguishes documented occurrences from predicted suitability. Country-level categories should therefore be interpreted as ecological evidence tiers, not direct entomological surveillance measurements."
Ecuador,Sovereign state,Yes,Aedes,Aedes aegypti and/or Aedes albopictus,Present,"Categorical synthesis of occurrence and distribution evidence. Status denotes evidence of presence, limited/sporadic occurrence, absence, or uncertainty; it does not quantify mosquito abundance.",Peer-reviewed global occurrence/modelling; regional public-health distribution maps where applicable,S049; S050,2026-05-06,Global modelling,Vector presence indicates ecological compatibility with transmission but does not establish virus circulation. Global or regional sources may not provide a direct country-specific occurrence citation for every jurisdiction.
Ecuador,Sovereign state,Yes,Culex,Culex tritaeniorhynchus complex,Absent,Categorical synthesis of documented occurrence and modelled habitat suitability for the principal JEV vector complex. Status does not quantify abundance or vector competence.,Peer-reviewed global occurrence and habitat-suitability modelling,S051,2026-05-06,Global occurrence/modelling source,"The cited model distinguishes documented occurrences from predicted suitability. Country-level categories should therefore be interpreted as ecological evidence tiers, not direct entomological surveillance measurements."
Egypt,Sovereign state,Yes,Aedes,Aedes aegypti and/or Aedes albopictus,Present,"Categorical synthesis of occurrence and distribution evidence. Status denotes evidence of presence, limited/sporadic occurrence, absence, or uncertainty; it does not quantify mosquito abundance.",Peer-reviewed global occurrence/modelling; regional public-health distribution maps where applicable,S049; S050,2026-05-06,Global modelling,Vector presence indicates ecological compatibility with transmission but does not establish virus circulation. Global or regional sources may not provide a direct country-specific occurrence citation for every jurisdiction.
Egypt,Sovereign state,Yes,Culex,Culex tritaeniorhynchus complex,Absent,Categorical synthesis of documented occurrence and modelled habitat suitability for the principal JEV vector complex. Status does not quantify abundance or vector competence.,Peer-reviewed global occurrence and habitat-suitability modelling,S051,2026-05-06,Global occurrence/modelling source,"The cited model distinguishes documented occurrences from predicted suitability. Country-level categories should therefore be interpreted as ecological evidence tiers, not direct entomological surveillance measurements."
El Salvador,Sovereign state,Yes,Aedes,Aedes aegypti and/or Aedes albopictus,Present,"Categorical synthesis of occurrence and distribution evidence. Status denotes evidence of presence, limited/sporadic occurrence, absence, or uncertainty; it does not quantify mosquito abundance.",Peer-reviewed global occurrence/modelling; regional public-health distribution maps where applicable,S049; S050,2026-05-06,Global modelling,Vector presence indicates ecological compatibility with transmission but does not establish virus circulation. Global or regional sources may not provide a direct country-specific occurrence citation for every jurisdiction.
El Salvador,Sovereign state,Yes,Culex,Culex tritaeniorhynchus complex,Absent,Categorical synthesis of documented occurrence and modelled habitat suitability for the principal JEV vector complex. Status does not quantify abundance or vector competence.,Peer-reviewed global occurrence and habitat-suitability modelling,S051,2026-05-06,Global occurrence/modelling source,"The cited model distinguishes documented occurrences from predicted suitability. Country-level categories should therefore be interpreted as ecological evidence tiers, not direct entomological surveillance measurements."
Equatorial Guinea,Sovereign state,Yes,Aedes,Aedes aegypti and/or Aedes albopictus,Present,"Categorical synthesis of occurrence and distribution evidence. Status denotes evidence of presence, limited/sporadic occurrence, absence, or uncertainty; it does not quantify mosquito abundance.",Peer-reviewed global occurrence/modelling; regional public-health distribution maps where applicable,S049; S050,2026-05-06,Global modelling,Vector presence indicates ecological compatibility with transmission but does not establish virus circulation. Global or regional sources may not provide a direct country-specific occurrence citation for every jurisdiction.
Equatorial Guinea,Sovereign state,Yes,Culex,Culex tritaeniorhynchus complex,Absent,Categorical synthesis of documented occurrence and modelled habitat suitability for the principal JEV vector complex. Status does not quantify abundance or vector competence.,Peer-reviewed global occurrence and habitat-suitability modelling,S051,2026-05-06,Global occurrence/modelling source,"The cited model distinguishes documented occurrences from predicted suitability. Country-level categories should therefore be interpreted as ecological evidence tiers, not direct entomological surveillance measurements."
Eritrea,Sovereign state,Yes,Aedes,Aedes aegypti and/or Aedes albopictus,Present,"Categorical synthesis of occurrence and distribution evidence. Status denotes evidence of presence, limited/sporadic occurrence, absence, or uncertainty; it does not quantify mosquito abundance.",Peer-reviewed global occurrence/modelling; regional public-health distribution maps where applicable,S049; S050,2026-05-06,Global modelling,Vector presence indicates ecological compatibility with transmission but does not establish virus circulation. Global or regional sources may not provide a direct country-specific occurrence citation for every jurisdiction.
Eritrea,Sovereign state,Yes,Culex,Culex tritaeniorhynchus complex,Absent,Categorical synthesis of documented occurrence and modelled habitat suitability for the principal JEV vector complex. Status does not quantify abundance or vector competence.,Peer-reviewed global occurrence and habitat-suitability modelling,S051,2026-05-06,Global occurrence/modelling source,"The cited model distinguishes documented occurrences from predicted suitability. Country-level categories should therefore be interpreted as ecological evidence tiers, not direct entomological surveillance measurements."
Estonia,Sovereign state,Yes,Aedes,Aedes aegypti and/or Aedes albopictus,Absent,"Categorical synthesis of occurrence and distribution evidence. Status denotes evidence of presence, limited/sporadic occurrence, absence, or uncertainty; it does not quantify mosquito abundance.",Peer-reviewed global occurrence/modelling; regional public-health distribution maps where applicable,S049; S050; S023; S024,2026-05-06,Global modelling plus ECDC regional distribution maps,Vector presence indicates ecological compatibility with transmission but does not establish virus circulation. Global or regional sources may not provide a direct country-specific occurrence citation for every jurisdiction.
Estonia,Sovereign state,Yes,Culex,Culex tritaeniorhynchus complex,Absent,Categorical synthesis of documented occurrence and modelled habitat suitability for the principal JEV vector complex. Status does not quantify abundance or vector competence.,Peer-reviewed global occurrence and habitat-suitability modelling,S051,2026-05-06,Global occurrence/modelling source,"The cited model distinguishes documented occurrences from predicted suitability. Country-level categories should therefore be interpreted as ecological evidence tiers, not direct entomological surveillance measurements."
Eswatini,Sovereign state,Yes,Aedes,Aedes aegypti and/or Aedes albopictus,Limited / sporadic,"Categorical synthesis of occurrence and distribution evidence. Status denotes evidence of presence, limited/sporadic occurrence, absence, or uncertainty; it does not quantify mosquito abundance.",Peer-reviewed global occurrence/modelling; regional public-health distribution maps where applicable,S049; S050,2026-05-06,Global modelling,Vector presence indicates ecological compatibility with transmission but does not establish virus circulation. Global or regional sources may not provide a direct country-specific occurrence citation for every jurisdiction.
Eswatini,Sovereign state,Yes,Culex,Culex tritaeniorhynchus complex,Absent,Categorical synthesis of documented occurrence and modelled habitat suitability for the principal JEV vector complex. Status does not quantify abundance or vector competence.,Peer-reviewed global occurrence and habitat-suitability modelling,S051,2026-05-06,Global occurrence/modelling source,"The cited model distinguishes documented occurrences from predicted suitability. Country-level categories should therefore be interpreted as ecological evidence tiers, not direct entomological surveillance measurements."
Ethiopia,Sovereign state,Yes,Aedes,Aedes aegypti and/or Aedes albopictus,Present,"Categorical synthesis of occurrence and distribution evidence. Status denotes evidence of presence, limited/sporadic occurrence, absence, or uncertainty; it does not quantify mosquito abundance.",Peer-reviewed global occurrence/modelling; regional public-health distribution maps where applicable,S049; S050,2026-05-06,Global modelling,Vector presence indicates ecological compatibility with transmission but does not establish virus circulation. Global or regional sources may not provide a direct country-specific occurrence citation for every jurisdiction.
Ethiopia,Sovereign state,Yes,Culex,Culex tritaeniorhynchus complex,Absent,Categorical synthesis of documented occurrence and modelled habitat suitability for the principal JEV vector complex. Status does not quantify abundance or vector competence.,Peer-reviewed global occurrence and habitat-suitability modelling,S051,2026-05-06,Global occurrence/modelling source,"The cited model distinguishes documented occurrences from predicted suitability. Country-level categories should therefore be interpreted as ecological evidence tiers, not direct entomological surveillance measurements."
Falkland Islands (Malvinas),Territory/dependency or other jurisdiction,No,Aedes,Aedes aegypti and/or Aedes albopictus,Limited / sporadic,"Categorical synthesis of occurrence and distribution evidence. Status denotes evidence of presence, limited/sporadic occurrence, absence, or uncertainty; it does not quantify mosquito abundance.",Peer-reviewed global occurrence/modelling; regional public-health distribution maps where applicable,S049; S050,2026-05-06,Global modelling,Vector presence indicates ecological compatibility with transmission but does not establish virus circulation. Global or regional sources may not provide a direct country-specific occurrence citation for every jurisdiction.
Falkland Islands (Malvinas),Territory/dependency or other jurisdiction,No,Culex,Culex tritaeniorhynchus complex,Absent,Categorical synthesis of documented occurrence and modelled habitat suitability for the principal JEV vector complex. Status does not quantify abundance or vector competence.,Peer-reviewed global occurrence and habitat-suitability modelling,S051,2026-05-06,Global occurrence/modelling source,"The cited model distinguishes documented occurrences from predicted suitability. Country-level categories should therefore be interpreted as ecological evidence tiers, not direct entomological surveillance measurements."
Faroe Islands,Territory/dependency or other jurisdiction,No,Aedes,Aedes aegypti and/or Aedes albopictus,Limited / sporadic,"Categorical synthesis of occurrence and distribution evidence. Status denotes evidence of presence, limited/sporadic occurrence, absence, or uncertainty; it does not quantify mosquito abundance.",Peer-reviewed global occurrence/modelling; regional public-health distribution maps where applicable,S049; S050; S023; S024,2026-05-06,Global modelling plus ECDC regional distribution maps,Vector presence indicates ecological compatibility with transmission but does not establish virus circulation. Global or regional sources may not provide a direct country-specific occurrence citation for every jurisdiction.
Faroe Islands,Territory/dependency or other jurisdiction,No,Culex,Culex tritaeniorhynchus complex,Absent,Categorical synthesis of documented occurrence and modelled habitat suitability for the principal JEV vector complex. Status does not quantify abundance or vector competence.,Peer-reviewed global occurrence and habitat-suitability modelling,S051,2026-05-06,Global occurrence/modelling source,"The cited model distinguishes documented occurrences from predicted suitability. Country-level categories should therefore be interpreted as ecological evidence tiers, not direct entomological surveillance measurements."
Fiji,Sovereign state,Yes,Aedes,Aedes aegypti and/or Aedes albopictus,Present,"Categorical synthesis of occurrence and distribution evidence. Status denotes evidence of presence, limited/sporadic occurrence, absence, or uncertainty; it does not quantify mosquito abundance.",Peer-reviewed global occurrence/modelling; regional public-health distribution maps where applicable,S049; S050,2026-05-06,Global modelling,Vector presence indicates ecological compatibility with transmission but does not establish virus circulation. Global or regional sources may not provide a direct country-specific occurrence citation for every jurisdiction.
Fiji,Sovereign state,Yes,Culex,Culex tritaeniorhynchus complex,Limited / uncertain,Categorical synthesis of documented occurrence and modelled habitat suitability for the principal JEV vector complex. Status does not quantify abundance or vector competence.,Peer-reviewed global occurrence and habitat-suitability modelling,S051,2026-05-06,Global occurrence/modelling source,"The cited model distinguishes documented occurrences from predicted suitability. Country-level categories should therefore be interpreted as ecological evidence tiers, not direct entomological surveillance measurements."
Finland,Sovereign state,Yes,Aedes,Aedes aegypti and/or Aedes albopictus,Absent,"Categorical synthesis of occurrence and distribution evidence. Status denotes evidence of presence, limited/sporadic occurrence, absence, or uncertainty; it does not quantify mosquito abundance.",Peer-reviewed global occurrence/modelling; regional public-health distribution maps where applicable,S049; S050; S023; S024,2026-05-06,Global modelling plus ECDC regional distribution maps,Vector presence indicates ecological compatibility with transmission but does not establish virus circulation. Global or regional sources may not provide a direct country-specific occurrence citation for every jurisdiction.
Finland,Sovereign state,Yes,Culex,Culex tritaeniorhynchus complex,Absent,Categorical synthesis of documented occurrence and modelled habitat suitability for the principal JEV vector complex. Status does not quantify abundance or vector competence.,Peer-reviewed global occurrence and habitat-suitability modelling,S051,2026-05-06,Global occurrence/modelling source,"The cited model distinguishes documented occurrences from predicted suitability. Country-level categories should therefore be interpreted as ecological evidence tiers, not direct entomological surveillance measurements."
France,Sovereign state,Yes,Aedes,Aedes aegypti and/or Aedes albopictus,Present,"Categorical synthesis of occurrence and distribution evidence. Status denotes evidence of presence, limited/sporadic occurrence, absence, or uncertainty; it does not quantify mosquito abundance.",Peer-reviewed global occurrence/modelling; regional public-health distribution maps where applicable,S049; S050; S023; S024,2026-05-06,Global modelling plus ECDC regional distribution maps,Vector presence indicates ecological compatibility with transmission but does not establish virus circulation. Global or regional sources may not provide a direct country-specific occurrence citation for every jurisdiction.
France,Sovereign state,Yes,Culex,Culex tritaeniorhynchus complex,Absent,Categorical synthesis of documented occurrence and modelled habitat suitability for the principal JEV vector complex. Status does not quantify abundance or vector competence.,Peer-reviewed global occurrence and habitat-suitability modelling,S051,2026-05-06,Global occurrence/modelling source,"The cited model distinguishes documented occurrences from predicted suitability. Country-level categories should therefore be interpreted as ecological evidence tiers, not direct entomological surveillance measurements."
French Guiana,Territory/dependency or other jurisdiction,No,Aedes,Aedes aegypti and/or Aedes albopictus,Present,"Categorical synthesis of occurrence and distribution evidence. Status denotes evidence of presence, limited/sporadic occurrence, absence, or uncertainty; it does not quantify mosquito abundance.",Peer-reviewed global occurrence/modelling; regional public-health distribution maps where applicable,S049; S050,2026-05-06,Global modelling,Vector presence indicates ecological compatibility with transmission but does not establish virus circulation. Global or regional sources may not provide a direct country-specific occurrence citation for every jurisdiction.
French Guiana,Territory/dependency or other jurisdiction,No,Culex,Culex tritaeniorhynchus complex,Absent,Categorical synthesis of documented occurrence and modelled habitat suitability for the principal JEV vector complex. Status does not quantify abundance or vector competence.,Peer-reviewed global occurrence and habitat-suitability modelling,S051,2026-05-06,Global occurrence/modelling source,"The cited model distinguishes documented occurrences from predicted suitability. Country-level categories should therefore be interpreted as ecological evidence tiers, not direct entomological surveillance measurements."
French Polynesia,Territory/dependency or other jurisdiction,No,Aedes,Aedes aegypti and/or Aedes albopictus,Present,"Categorical synthesis of occurrence and distribution evidence. Status denotes evidence of presence, limited/sporadic occurrence, absence, or uncertainty; it does not quantify mosquito abundance.",Peer-reviewed global occurrence/modelling; regional public-health distribution maps where applicable,S049; S050,2026-05-06,Global modelling,Vector presence indicates ecological compatibility with transmission but does not establish virus circulation. Global or regional sources may not provide a direct country-specific occurrence citation for every jurisdiction.
French Polynesia,Territory/dependency or other jurisdiction,No,Culex,Culex tritaeniorhynchus complex,Limited / uncertain,Categorical synthesis of documented occurrence and modelled habitat suitability for the principal JEV vector complex. Status does not quantify abundance or vector competence.,Peer-reviewed global occurrence and habitat-suitability modelling,S051,2026-05-06,Global occurrence/modelling source,"The cited model distinguishes documented occurrences from predicted suitability. Country-level categories should therefore be interpreted as ecological evidence tiers, not direct entomological surveillance measurements."
French Southern Territories,Territory/dependency or other jurisdiction,No,Aedes,Aedes aegypti and/or Aedes albopictus,Limited / sporadic,"Categorical synthesis of occurrence and distribution evidence. Status denotes evidence of presence, limited/sporadic occurrence, absence, or uncertainty; it does not quantify mosquito abundance.",Peer-reviewed global occurrence/modelling; regional public-health distribution maps where applicable,S049; S050,2026-05-06,Global modelling,Vector presence indicates ecological compatibility with transmission but does not establish virus circulation. Global or regional sources may not provide a direct country-specific occurrence citation for every jurisdiction.
French Southern Territories,Territory/dependency or other jurisdiction,No,Culex,Culex tritaeniorhynchus complex,Absent,Categorical synthesis of documented occurrence and modelled habitat suitability for the principal JEV vector complex. Status does not quantify abundance or vector competence.,Peer-reviewed global occurrence and habitat-suitability modelling,S051,2026-05-06,Global occurrence/modelling source,"The cited model distinguishes documented occurrences from predicted suitability. Country-level categories should therefore be interpreted as ecological evidence tiers, not direct entomological surveillance measurements."
Gabon,Sovereign state,Yes,Aedes,Aedes aegypti and/or Aedes albopictus,Present,"Categorical synthesis of occurrence and distribution evidence. Status denotes evidence of presence, limited/sporadic occurrence, absence, or uncertainty; it does not quantify mosquito abundance.",Peer-reviewed global occurrence/modelling; regional public-health distribution maps where applicable,S049; S050,2026-05-06,Global modelling,Vector presence indicates ecological compatibility with transmission but does not establish virus circulation. Global or regional sources may not provide a direct country-specific occurrence citation for every jurisdiction.
Gabon,Sovereign state,Yes,Culex,Culex tritaeniorhynchus complex,Absent,Categorical synthesis of documented occurrence and modelled habitat suitability for the principal JEV vector complex. Status does not quantify abundance or vector competence.,Peer-reviewed global occurrence and habitat-suitability modelling,S051,2026-05-06,Global occurrence/modelling source,"The cited model distinguishes documented occurrences from predicted suitability. Country-level categories should therefore be interpreted as ecological evidence tiers, not direct entomological surveillance measurements."
Gambia,Sovereign state,Yes,Aedes,Aedes aegypti and/or Aedes albopictus,Present,"Categorical synthesis of occurrence and distribution evidence. Status denotes evidence of presence, limited/sporadic occurrence, absence, or uncertainty; it does not quantify mosquito abundance.",Peer-reviewed global occurrence/modelling; regional public-health distribution maps where applicable,S049; S050,2026-05-06,Global modelling,Vector presence indicates ecological compatibility with transmission but does not establish virus circulation. Global or regional sources may not provide a direct country-specific occurrence citation for every jurisdiction.
Gambia,Sovereign state,Yes,Culex,Culex tritaeniorhynchus complex,Absent,Categorical synthesis of documented occurrence and modelled habitat suitability for the principal JEV vector complex. Status does not quantify abundance or vector competence.,Peer-reviewed global occurrence and habitat-suitability modelling,S051,2026-05-06,Global occurrence/modelling source,"The cited model distinguishes documented occurrences from predicted suitability. Country-level categories should therefore be interpreted as ecological evidence tiers, not direct entomological surveillance measurements."
Georgia,Sovereign state,Yes,Aedes,Aedes aegypti and/or Aedes albopictus,Limited / sporadic,"Categorical synthesis of occurrence and distribution evidence. Status denotes evidence of presence, limited/sporadic occurrence, absence, or uncertainty; it does not quantify mosquito abundance.",Peer-reviewed global occurrence/modelling; regional public-health distribution maps where applicable,S049; S050,2026-05-06,Global modelling,Vector presence indicates ecological compatibility with transmission but does not establish virus circulation. Global or regional sources may not provide a direct country-specific occurrence citation for every jurisdiction.
Georgia,Sovereign state,Yes,Culex,Culex tritaeniorhynchus complex,Limited / uncertain,Categorical synthesis of documented occurrence and modelled habitat suitability for the principal JEV vector complex. Status does not quantify abundance or vector competence.,Peer-reviewed global occurrence and habitat-suitability modelling,S051,2026-05-06,Global occurrence/modelling source,"The cited model distinguishes documented occurrences from predicted suitability. Country-level categories should therefore be interpreted as ecological evidence tiers, not direct entomological surveillance measurements."
Germany,Sovereign state,Yes,Aedes,Aedes aegypti and/or Aedes albopictus,Present,"Categorical synthesis of occurrence and distribution evidence. Status denotes evidence of presence, limited/sporadic occurrence, absence, or uncertainty; it does not quantify mosquito abundance.",Peer-reviewed global occurrence/modelling; regional public-health distribution maps where applicable,S049; S050; S023; S024,2026-05-06,Global modelling plus ECDC regional distribution maps,Vector presence indicates ecological compatibility with transmission but does not establish virus circulation. Global or regional sources may not provide a direct country-specific occurrence citation for every jurisdiction.
Germany,Sovereign state,Yes,Culex,Culex tritaeniorhynchus complex,Absent,Categorical synthesis of documented occurrence and modelled habitat suitability for the principal JEV vector complex. Status does not quantify abundance or vector competence.,Peer-reviewed global occurrence and habitat-suitability modelling,S051,2026-05-06,Global occurrence/modelling source,"The cited model distinguishes documented occurrences from predicted suitability. Country-level categories should therefore be interpreted as ecological evidence tiers, not direct entomological surveillance measurements."
Ghana,Sovereign state,Yes,Aedes,Aedes aegypti and/or Aedes albopictus,Present,"Categorical synthesis of occurrence and distribution evidence. Status denotes evidence of presence, limited/sporadic occurrence, absence, or uncertainty; it does not quantify mosquito abundance.",Peer-reviewed global occurrence/modelling; regional public-health distribution maps where applicable,S049; S050,2026-05-06,Global modelling,Vector presence indicates ecological compatibility with transmission but does not establish virus circulation. Global or regional sources may not provide a direct country-specific occurrence citation for every jurisdiction.
Ghana,Sovereign state,Yes,Culex,Culex tritaeniorhynchus complex,Absent,Categorical synthesis of documented occurrence and modelled habitat suitability for the principal JEV vector complex. Status does not quantify abundance or vector competence.,Peer-reviewed global occurrence and habitat-suitability modelling,S051,2026-05-06,Global occurrence/modelling source,"The cited model distinguishes documented occurrences from predicted suitability. Country-level categories should therefore be interpreted as ecological evidence tiers, not direct entomological surveillance measurements."
Gibraltar,Territory/dependency or other jurisdiction,No,Aedes,Aedes aegypti and/or Aedes albopictus,Limited / sporadic,"Categorical synthesis of occurrence and distribution evidence. Status denotes evidence of presence, limited/sporadic occurrence, absence, or uncertainty; it does not quantify mosquito abundance.",Peer-reviewed global occurrence/modelling; regional public-health distribution maps where applicable,S049; S050; S023; S024,2026-05-06,Global modelling plus ECDC regional distribution maps,Vector presence indicates ecological compatibility with transmission but does not establish virus circulation. Global or regional sources may not provide a direct country-specific occurrence citation for every jurisdiction.
Gibraltar,Territory/dependency or other jurisdiction,No,Culex,Culex tritaeniorhynchus complex,Absent,Categorical synthesis of documented occurrence and modelled habitat suitability for the principal JEV vector complex. Status does not quantify abundance or vector competence.,Peer-reviewed global occurrence and habitat-suitability modelling,S051,2026-05-06,Global occurrence/modelling source,"The cited model distinguishes documented occurrences from predicted suitability. Country-level categories should therefore be interpreted as ecological evidence tiers, not direct entomological surveillance measurements."
Greece,Sovereign state,Yes,Aedes,Aedes aegypti and/or Aedes albopictus,Present,"Categorical synthesis of occurrence and distribution evidence. Status denotes evidence of presence, limited/sporadic occurrence, absence, or uncertainty; it does not quantify mosquito abundance.",Peer-reviewed global occurrence/modelling; regional public-health distribution maps where applicable,S049; S050; S023; S024,2026-05-06,Global modelling plus ECDC regional distribution maps,Vector presence indicates ecological compatibility with transmission but does not establish virus circulation. Global or regional sources may not provide a direct country-specific occurrence citation for every jurisdiction.
Greece,Sovereign state,Yes,Culex,Culex tritaeniorhynchus complex,Absent,Categorical synthesis of documented occurrence and modelled habitat suitability for the principal JEV vector complex. Status does not quantify abundance or vector competence.,Peer-reviewed global occurrence and habitat-suitability modelling,S051,2026-05-06,Global occurrence/modelling source,"The cited model distinguishes documented occurrences from predicted suitability. Country-level categories should therefore be interpreted as ecological evidence tiers, not direct entomological surveillance measurements."
Greenland,Territory/dependency or other jurisdiction,No,Aedes,Aedes aegypti and/or Aedes albopictus,Limited / sporadic,"Categorical synthesis of occurrence and distribution evidence. Status denotes evidence of presence, limited/sporadic occurrence, absence, or uncertainty; it does not quantify mosquito abundance.",Peer-reviewed global occurrence/modelling; regional public-health distribution maps where applicable,S049; S050,2026-05-06,Global modelling,Vector presence indicates ecological compatibility with transmission but does not establish virus circulation. Global or regional sources may not provide a direct country-specific occurrence citation for every jurisdiction.
Greenland,Territory/dependency or other jurisdiction,No,Culex,Culex tritaeniorhynchus complex,Absent,Categorical synthesis of documented occurrence and modelled habitat suitability for the principal JEV vector complex. Status does not quantify abundance or vector competence.,Peer-reviewed global occurrence and habitat-suitability modelling,S051,2026-05-06,Global occurrence/modelling source,"The cited model distinguishes documented occurrences from predicted suitability. Country-level categories should therefore be interpreted as ecological evidence tiers, not direct entomological surveillance measurements."
Grenada,Sovereign state,Yes,Aedes,Aedes aegypti and/or Aedes albopictus,Present,"Categorical synthesis of occurrence and distribution evidence. Status denotes evidence of presence, limited/sporadic occurrence, absence, or uncertainty; it does not quantify mosquito abundance.",Peer-reviewed global occurrence/modelling; regional public-health distribution maps where applicable,S049; S050,2026-05-06,Global modelling,Vector presence indicates ecological compatibility with transmission but does not establish virus circulation. Global or regional sources may not provide a direct country-specific occurrence citation for every jurisdiction.
Grenada,Sovereign state,Yes,Culex,Culex tritaeniorhynchus complex,Absent,Categorical synthesis of documented occurrence and modelled habitat suitability for the principal JEV vector complex. Status does not quantify abundance or vector competence.,Peer-reviewed global occurrence and habitat-suitability modelling,S051,2026-05-06,Global occurrence/modelling source,"The cited model distinguishes documented occurrences from predicted suitability. Country-level categories should therefore be interpreted as ecological evidence tiers, not direct entomological surveillance measurements."
Guadeloupe,Territory/dependency or other jurisdiction,No,Aedes,Aedes aegypti and/or Aedes albopictus,Present,"Categorical synthesis of occurrence and distribution evidence. Status denotes evidence of presence, limited/sporadic occurrence, absence, or uncertainty; it does not quantify mosquito abundance.",Peer-reviewed global occurrence/modelling; regional public-health distribution maps where applicable,S049; S050,2026-05-06,Global modelling,Vector presence indicates ecological compatibility with transmission but does not establish virus circulation. Global or regional sources may not provide a direct country-specific occurrence citation for every jurisdiction.
Guadeloupe,Territory/dependency or other jurisdiction,No,Culex,Culex tritaeniorhynchus complex,Absent,Categorical synthesis of documented occurrence and modelled habitat suitability for the principal JEV vector complex. Status does not quantify abundance or vector competence.,Peer-reviewed global occurrence and habitat-suitability modelling,S051,2026-05-06,Global occurrence/modelling source,"The cited model distinguishes documented occurrences from predicted suitability. Country-level categories should therefore be interpreted as ecological evidence tiers, not direct entomological surveillance measurements."
Guam,Territory/dependency or other jurisdiction,No,Aedes,Aedes aegypti and/or Aedes albopictus,Present,"Categorical synthesis of occurrence and distribution evidence. Status denotes evidence of presence, limited/sporadic occurrence, absence, or uncertainty; it does not quantify mosquito abundance.",Peer-reviewed global occurrence/modelling; regional public-health distribution maps where applicable,S049; S050; S020,2026-05-06,Global modelling plus CDC potential-range context,Vector presence indicates ecological compatibility with transmission but does not establish virus circulation. Global or regional sources may not provide a direct country-specific occurrence citation for every jurisdiction.
Guam,Territory/dependency or other jurisdiction,No,Culex,Culex tritaeniorhynchus complex,Absent,Categorical synthesis of documented occurrence and modelled habitat suitability for the principal JEV vector complex. Status does not quantify abundance or vector competence.,Peer-reviewed global occurrence and habitat-suitability modelling,S051,2026-05-06,Global occurrence/modelling source,"The cited model distinguishes documented occurrences from predicted suitability. Country-level categories should therefore be interpreted as ecological evidence tiers, not direct entomological surveillance measurements."
Guatemala,Sovereign state,Yes,Aedes,Aedes aegypti and/or Aedes albopictus,Present,"Categorical synthesis of occurrence and distribution evidence. Status denotes evidence of presence, limited/sporadic occurrence, absence, or uncertainty; it does not quantify mosquito abundance.",Peer-reviewed global occurrence/modelling; regional public-health distribution maps where applicable,S049; S050,2026-05-06,Global modelling,Vector presence indicates ecological compatibility with transmission but does not establish virus circulation. Global or regional sources may not provide a direct country-specific occurrence citation for every jurisdiction.
Guatemala,Sovereign state,Yes,Culex,Culex tritaeniorhynchus complex,Absent,Categorical synthesis of documented occurrence and modelled habitat suitability for the principal JEV vector complex. Status does not quantify abundance or vector competence.,Peer-reviewed global occurrence and habitat-suitability modelling,S051,2026-05-06,Global occurrence/modelling source,"The cited model distinguishes documented occurrences from predicted suitability. Country-level categories should therefore be interpreted as ecological evidence tiers, not direct entomological surveillance measurements."
Guernsey,Territory/dependency or other jurisdiction,No,Aedes,Aedes aegypti and/or Aedes albopictus,Limited / sporadic,"Categorical synthesis of occurrence and distribution evidence. Status denotes evidence of presence, limited/sporadic occurrence, absence, or uncertainty; it does not quantify mosquito abundance.",Peer-reviewed global occurrence/modelling; regional public-health distribution maps where applicable,S049; S050; S023; S024,2026-05-06,Global modelling plus ECDC regional distribution maps,Vector presence indicates ecological compatibility with transmission but does not establish virus circulation. Global or regional sources may not provide a direct country-specific occurrence citation for every jurisdiction.
Guernsey,Territory/dependency or other jurisdiction,No,Culex,Culex tritaeniorhynchus complex,Absent,Categorical synthesis of documented occurrence and modelled habitat suitability for the principal JEV vector complex. Status does not quantify abundance or vector competence.,Peer-reviewed global occurrence and habitat-suitability modelling,S051,2026-05-06,Global occurrence/modelling source,"The cited model distinguishes documented occurrences from predicted suitability. Country-level categories should therefore be interpreted as ecological evidence tiers, not direct entomological surveillance measurements."
Guinea,Sovereign state,Yes,Aedes,Aedes aegypti and/or Aedes albopictus,Present,"Categorical synthesis of occurrence and distribution evidence. Status denotes evidence of presence, limited/sporadic occurrence, absence, or uncertainty; it does not quantify mosquito abundance.",Peer-reviewed global occurrence/modelling; regional public-health distribution maps where applicable,S049; S050,2026-05-06,Global modelling,Vector presence indicates ecological compatibility with transmission but does not establish virus circulation. Global or regional sources may not provide a direct country-specific occurrence citation for every jurisdiction.
Guinea,Sovereign state,Yes,Culex,Culex tritaeniorhynchus complex,Absent,Categorical synthesis of documented occurrence and modelled habitat suitability for the principal JEV vector complex. Status does not quantify abundance or vector competence.,Peer-reviewed global occurrence and habitat-suitability modelling,S051,2026-05-06,Global occurrence/modelling source,"The cited model distinguishes documented occurrences from predicted suitability. Country-level categories should therefore be interpreted as ecological evidence tiers, not direct entomological surveillance measurements."
Guinea-Bissau,Sovereign state,Yes,Aedes,Aedes aegypti and/or Aedes albopictus,Present,"Categorical synthesis of occurrence and distribution evidence. Status denotes evidence of presence, limited/sporadic occurrence, absence, or uncertainty; it does not quantify mosquito abundance.",Peer-reviewed global occurrence/modelling; regional public-health distribution maps where applicable,S049; S050,2026-05-06,Global modelling,Vector presence indicates ecological compatibility with transmission but does not establish virus circulation. Global or regional sources may not provide a direct country-specific occurrence citation for every jurisdiction.
Guinea-Bissau,Sovereign state,Yes,Culex,Culex tritaeniorhynchus complex,Absent,Categorical synthesis of documented occurrence and modelled habitat suitability for the principal JEV vector complex. Status does not quantify abundance or vector competence.,Peer-reviewed global occurrence and habitat-suitability modelling,S051,2026-05-06,Global occurrence/modelling source,"The cited model distinguishes documented occurrences from predicted suitability. Country-level categories should therefore be interpreted as ecological evidence tiers, not direct entomological surveillance measurements."
Guyana,Sovereign state,Yes,Aedes,Aedes aegypti and/or Aedes albopictus,Present,"Categorical synthesis of occurrence and distribution evidence. Status denotes evidence of presence, limited/sporadic occurrence, absence, or uncertainty; it does not quantify mosquito abundance.",Peer-reviewed global occurrence/modelling; regional public-health distribution maps where applicable,S049; S050,2026-05-06,Global modelling,Vector presence indicates ecological compatibility with transmission but does not establish virus circulation. Global or regional sources may not provide a direct country-specific occurrence citation for every jurisdiction.
Guyana,Sovereign state,Yes,Culex,Culex tritaeniorhynchus complex,Absent,Categorical synthesis of documented occurrence and modelled habitat suitability for the principal JEV vector complex. Status does not quantify abundance or vector competence.,Peer-reviewed global occurrence and habitat-suitability modelling,S051,2026-05-06,Global occurrence/modelling source,"The cited model distinguishes documented occurrences from predicted suitability. Country-level categories should therefore be interpreted as ecological evidence tiers, not direct entomological surveillance measurements."
Haiti,Sovereign state,Yes,Aedes,Aedes aegypti and/or Aedes albopictus,Present,"Categorical synthesis of occurrence and distribution evidence. Status denotes evidence of presence, limited/sporadic occurrence, absence, or uncertainty; it does not quantify mosquito abundance.",Peer-reviewed global occurrence/modelling; regional public-health distribution maps where applicable,S049; S050,2026-05-06,Global modelling,Vector presence indicates ecological compatibility with transmission but does not establish virus circulation. Global or regional sources may not provide a direct country-specific occurrence citation for every jurisdiction.
Haiti,Sovereign state,Yes,Culex,Culex tritaeniorhynchus complex,Absent,Categorical synthesis of documented occurrence and modelled habitat suitability for the principal JEV vector complex. Status does not quantify abundance or vector competence.,Peer-reviewed global occurrence and habitat-suitability modelling,S051,2026-05-06,Global occurrence/modelling source,"The cited model distinguishes documented occurrences from predicted suitability. Country-level categories should therefore be interpreted as ecological evidence tiers, not direct entomological surveillance measurements."
Heard Island and McDonald Islands,Territory/dependency or other jurisdiction,No,Aedes,Aedes aegypti and/or Aedes albopictus,Limited / sporadic,"Categorical synthesis of occurrence and distribution evidence. Status denotes evidence of presence, limited/sporadic occurrence, absence, or uncertainty; it does not quantify mosquito abundance.",Peer-reviewed global occurrence/modelling; regional public-health distribution maps where applicable,S049; S050,2026-05-06,Global modelling,Vector presence indicates ecological compatibility with transmission but does not establish virus circulation. Global or regional sources may not provide a direct country-specific occurrence citation for every jurisdiction.
Heard Island and McDonald Islands,Territory/dependency or other jurisdiction,No,Culex,Culex tritaeniorhynchus complex,Absent,Categorical synthesis of documented occurrence and modelled habitat suitability for the principal JEV vector complex. Status does not quantify abundance or vector competence.,Peer-reviewed global occurrence and habitat-suitability modelling,S051,2026-05-06,Global occurrence/modelling source,"The cited model distinguishes documented occurrences from predicted suitability. Country-level categories should therefore be interpreted as ecological evidence tiers, not direct entomological surveillance measurements."
Holy See (Vatican City State),Sovereign state,Yes,Aedes,Aedes aegypti and/or Aedes albopictus,Limited / sporadic,"Categorical synthesis of occurrence and distribution evidence. Status denotes evidence of presence, limited/sporadic occurrence, absence, or uncertainty; it does not quantify mosquito abundance.",Peer-reviewed global occurrence/modelling; regional public-health distribution maps where applicable,S049; S050,2026-05-06,Global modelling,Vector presence indicates ecological compatibility with transmission but does not establish virus circulation. Global or regional sources may not provide a direct country-specific occurrence citation for every jurisdiction.
Holy See (Vatican City State),Sovereign state,Yes,Culex,Culex tritaeniorhynchus complex,Absent,Categorical synthesis of documented occurrence and modelled habitat suitability for the principal JEV vector complex. Status does not quantify abundance or vector competence.,Peer-reviewed global occurrence and habitat-suitability modelling,S051,2026-05-06,Global occurrence/modelling source,"The cited model distinguishes documented occurrences from predicted suitability. Country-level categories should therefore be interpreted as ecological evidence tiers, not direct entomological surveillance measurements."
Honduras,Sovereign state,Yes,Aedes,Aedes aegypti and/or Aedes albopictus,Present,"Categorical synthesis of occurrence and distribution evidence. Status denotes evidence of presence, limited/sporadic occurrence, absence, or uncertainty; it does not quantify mosquito abundance.",Peer-reviewed global occurrence/modelling; regional public-health distribution maps where applicable,S049; S050,2026-05-06,Global modelling,Vector presence indicates ecological compatibility with transmission but does not establish virus circulation. Global or regional sources may not provide a direct country-specific occurrence citation for every jurisdiction.
Honduras,Sovereign state,Yes,Culex,Culex tritaeniorhynchus complex,Absent,Categorical synthesis of documented occurrence and modelled habitat suitability for the principal JEV vector complex. Status does not quantify abundance or vector competence.,Peer-reviewed global occurrence and habitat-suitability modelling,S051,2026-05-06,Global occurrence/modelling source,"The cited model distinguishes documented occurrences from predicted suitability. Country-level categories should therefore be interpreted as ecological evidence tiers, not direct entomological surveillance measurements."
Hong Kong,Territory/dependency or other jurisdiction,No,Aedes,Aedes aegypti and/or Aedes albopictus,Present,"Categorical synthesis of occurrence and distribution evidence. Status denotes evidence of presence, limited/sporadic occurrence, absence, or uncertainty; it does not quantify mosquito abundance.",Peer-reviewed global occurrence/modelling; regional public-health distribution maps where applicable,S049; S050,2026-05-06,Global modelling,Vector presence indicates ecological compatibility with transmission but does not establish virus circulation. Global or regional sources may not provide a direct country-specific occurrence citation for every jurisdiction.
Hong Kong,Territory/dependency or other jurisdiction,No,Culex,Culex tritaeniorhynchus complex,Absent,Categorical synthesis of documented occurrence and modelled habitat suitability for the principal JEV vector complex. Status does not quantify abundance or vector competence.,Peer-reviewed global occurrence and habitat-suitability modelling,S051,2026-05-06,Global occurrence/modelling source,"The cited model distinguishes documented occurrences from predicted suitability. Country-level categories should therefore be interpreted as ecological evidence tiers, not direct entomological surveillance measurements."
Hungary,Sovereign state,Yes,Aedes,Aedes aegypti and/or Aedes albopictus,Present,"Categorical synthesis of occurrence and distribution evidence. Status denotes evidence of presence, limited/sporadic occurrence, absence, or uncertainty; it does not quantify mosquito abundance.",Peer-reviewed global occurrence/modelling; regional public-health distribution maps where applicable,S049; S050; S023; S024,2026-05-06,Global modelling plus ECDC regional distribution maps,Vector presence indicates ecological compatibility with transmission but does not establish virus circulation. Global or regional sources may not provide a direct country-specific occurrence citation for every jurisdiction.
Hungary,Sovereign state,Yes,Culex,Culex tritaeniorhynchus complex,Absent,Categorical synthesis of documented occurrence and modelled habitat suitability for the principal JEV vector complex. Status does not quantify abundance or vector competence.,Peer-reviewed global occurrence and habitat-suitability modelling,S051,2026-05-06,Global occurrence/modelling source,"The cited model distinguishes documented occurrences from predicted suitability. Country-level categories should therefore be interpreted as ecological evidence tiers, not direct entomological surveillance measurements."
Iceland,Sovereign state,Yes,Aedes,Aedes aegypti and/or Aedes albopictus,Absent,"Categorical synthesis of occurrence and distribution evidence. Status denotes evidence of presence, limited/sporadic occurrence, absence, or uncertainty; it does not quantify mosquito abundance.",Peer-reviewed global occurrence/modelling; regional public-health distribution maps where applicable,S049; S050; S023; S024,2026-05-06,Global modelling plus ECDC regional distribution maps,Vector presence indicates ecological compatibility with transmission but does not establish virus circulation. Global or regional sources may not provide a direct country-specific occurrence citation for every jurisdiction.
Iceland,Sovereign state,Yes,Culex,Culex tritaeniorhynchus complex,Absent,Categorical synthesis of documented occurrence and modelled habitat suitability for the principal JEV vector complex. Status does not quantify abundance or vector competence.,Peer-reviewed global occurrence and habitat-suitability modelling,S051,2026-05-06,Global occurrence/modelling source,"The cited model distinguishes documented occurrences from predicted suitability. Country-level categories should therefore be interpreted as ecological evidence tiers, not direct entomological surveillance measurements."
India,Sovereign state,Yes,Aedes,Aedes aegypti and/or Aedes albopictus,Present,"Categorical synthesis of occurrence and distribution evidence. Status denotes evidence of presence, limited/sporadic occurrence, absence, or uncertainty; it does not quantify mosquito abundance.",Peer-reviewed global occurrence/modelling; regional public-health distribution maps where applicable,S049; S050,2026-05-06,Global modelling,Vector presence indicates ecological compatibility with transmission but does not establish virus circulation. Global or regional sources may not provide a direct country-specific occurrence citation for every jurisdiction.
India,Sovereign state,Yes,Culex,Culex tritaeniorhynchus complex,Present,Categorical synthesis of documented occurrence and modelled habitat suitability for the principal JEV vector complex. Status does not quantify abundance or vector competence.,Peer-reviewed global occurrence and habitat-suitability modelling,S051,2026-05-06,Global occurrence/modelling source,"The cited model distinguishes documented occurrences from predicted suitability. Country-level categories should therefore be interpreted as ecological evidence tiers, not direct entomological surveillance measurements."
Indonesia,Sovereign state,Yes,Aedes,Aedes aegypti and/or Aedes albopictus,Present,"Categorical synthesis of occurrence and distribution evidence. Status denotes evidence of presence, limited/sporadic occurrence, absence, or uncertainty; it does not quantify mosquito abundance.",Peer-reviewed global occurrence/modelling; regional public-health distribution maps where applicable,S049; S050,2026-05-06,Global modelling,Vector presence indicates ecological compatibility with transmission but does not establish virus circulation. Global or regional sources may not provide a direct country-specific occurrence citation for every jurisdiction.
Indonesia,Sovereign state,Yes,Culex,Culex tritaeniorhynchus complex,Present,Categorical synthesis of documented occurrence and modelled habitat suitability for the principal JEV vector complex. Status does not quantify abundance or vector competence.,Peer-reviewed global occurrence and habitat-suitability modelling,S051,2026-05-06,Global occurrence/modelling source,"The cited model distinguishes documented occurrences from predicted suitability. Country-level categories should therefore be interpreted as ecological evidence tiers, not direct entomological surveillance measurements."
"Iran, Islamic Republic of",Sovereign state,Yes,Aedes,Aedes aegypti and/or Aedes albopictus,Limited / sporadic,"Categorical synthesis of occurrence and distribution evidence. Status denotes evidence of presence, limited/sporadic occurrence, absence, or uncertainty; it does not quantify mosquito abundance.",Peer-reviewed global occurrence/modelling; regional public-health distribution maps where applicable,S049; S050,2026-05-06,Global modelling,Vector presence indicates ecological compatibility with transmission but does not establish virus circulation. Global or regional sources may not provide a direct country-specific occurrence citation for every jurisdiction.
"Iran, Islamic Republic of",Sovereign state,Yes,Culex,Culex tritaeniorhynchus complex,Limited / uncertain,Categorical synthesis of documented occurrence and modelled habitat suitability for the principal JEV vector complex. Status does not quantify abundance or vector competence.,Peer-reviewed global occurrence and habitat-suitability modelling,S051,2026-05-06,Global occurrence/modelling source,"The cited model distinguishes documented occurrences from predicted suitability. Country-level categories should therefore be interpreted as ecological evidence tiers, not direct entomological surveillance measurements."
Iraq,Sovereign state,Yes,Aedes,Aedes aegypti and/or Aedes albopictus,Limited / sporadic,"Categorical synthesis of occurrence and distribution evidence. Status denotes evidence of presence, limited/sporadic occurrence, absence, or uncertainty; it does not quantify mosquito abundance.",Peer-reviewed global occurrence/modelling; regional public-health distribution maps where applicable,S049; S050,2026-05-06,Global modelling,Vector presence indicates ecological compatibility with transmission but does not establish virus circulation. Global or regional sources may not provide a direct country-specific occurrence citation for every jurisdiction.
Iraq,Sovereign state,Yes,Culex,Culex tritaeniorhynchus complex,Absent,Categorical synthesis of documented occurrence and modelled habitat suitability for the principal JEV vector complex. Status does not quantify abundance or vector competence.,Peer-reviewed global occurrence and habitat-suitability modelling,S051,2026-05-06,Global occurrence/modelling source,"The cited model distinguishes documented occurrences from predicted suitability. Country-level categories should therefore be interpreted as ecological evidence tiers, not direct entomological surveillance measurements."
Ireland,Sovereign state,Yes,Aedes,Aedes aegypti and/or Aedes albopictus,Absent,"Categorical synthesis of occurrence and distribution evidence. Status denotes evidence of presence, limited/sporadic occurrence, absence, or uncertainty; it does not quantify mosquito abundance.",Peer-reviewed global occurrence/modelling; regional public-health distribution maps where applicable,S049; S050; S023; S024,2026-05-06,Global modelling plus ECDC regional distribution maps,Vector presence indicates ecological compatibility with transmission but does not establish virus circulation. Global or regional sources may not provide a direct country-specific occurrence citation for every jurisdiction.
Ireland,Sovereign state,Yes,Culex,Culex tritaeniorhynchus complex,Absent,Categorical synthesis of documented occurrence and modelled habitat suitability for the principal JEV vector complex. Status does not quantify abundance or vector competence.,Peer-reviewed global occurrence and habitat-suitability modelling,S051,2026-05-06,Global occurrence/modelling source,"The cited model distinguishes documented occurrences from predicted suitability. Country-level categories should therefore be interpreted as ecological evidence tiers, not direct entomological surveillance measurements."
Isle of Man,Territory/dependency or other jurisdiction,No,Aedes,Aedes aegypti and/or Aedes albopictus,Limited / sporadic,"Categorical synthesis of occurrence and distribution evidence. Status denotes evidence of presence, limited/sporadic occurrence, absence, or uncertainty; it does not quantify mosquito abundance.",Peer-reviewed global occurrence/modelling; regional public-health distribution maps where applicable,S049; S050; S023; S024,2026-05-06,Global modelling plus ECDC regional distribution maps,Vector presence indicates ecological compatibility with transmission but does not establish virus circulation. Global or regional sources may not provide a direct country-specific occurrence citation for every jurisdiction.
Isle of Man,Territory/dependency or other jurisdiction,No,Culex,Culex tritaeniorhynchus complex,Absent,Categorical synthesis of documented occurrence and modelled habitat suitability for the principal JEV vector complex. Status does not quantify abundance or vector competence.,Peer-reviewed global occurrence and habitat-suitability modelling,S051,2026-05-06,Global occurrence/modelling source,"The cited model distinguishes documented occurrences from predicted suitability. Country-level categories should therefore be interpreted as ecological evidence tiers, not direct entomological surveillance measurements."
Israel,Sovereign state,Yes,Aedes,Aedes aegypti and/or Aedes albopictus,Limited / sporadic,"Categorical synthesis of occurrence and distribution evidence. Status denotes evidence of presence, limited/sporadic occurrence, absence, or uncertainty; it does not quantify mosquito abundance.",Peer-reviewed global occurrence/modelling; regional public-health distribution maps where applicable,S049; S050,2026-05-06,Global modelling,Vector presence indicates ecological compatibility with transmission but does not establish virus circulation. Global or regional sources may not provide a direct country-specific occurrence citation for every jurisdiction.
Israel,Sovereign state,Yes,Culex,Culex tritaeniorhynchus complex,Absent,Categorical synthesis of documented occurrence and modelled habitat suitability for the principal JEV vector complex. Status does not quantify abundance or vector competence.,Peer-reviewed global occurrence and habitat-suitability modelling,S051,2026-05-06,Global occurrence/modelling source,"The cited model distinguishes documented occurrences from predicted suitability. Country-level categories should therefore be interpreted as ecological evidence tiers, not direct entomological surveillance measurements."
Italy,Sovereign state,Yes,Aedes,Aedes aegypti and/or Aedes albopictus,Present,"Categorical synthesis of occurrence and distribution evidence. Status denotes evidence of presence, limited/sporadic occurrence, absence, or uncertainty; it does not quantify mosquito abundance.",Peer-reviewed global occurrence/modelling; regional public-health distribution maps where applicable,S049; S050; S023; S024,2026-05-06,Global modelling plus ECDC regional distribution maps,Vector presence indicates ecological compatibility with transmission but does not establish virus circulation. Global or regional sources may not provide a direct country-specific occurrence citation for every jurisdiction.
Italy,Sovereign state,Yes,Culex,Culex tritaeniorhynchus complex,Absent,Categorical synthesis of documented occurrence and modelled habitat suitability for the principal JEV vector complex. Status does not quantify abundance or vector competence.,Peer-reviewed global occurrence and habitat-suitability modelling,S051,2026-05-06,Global occurrence/modelling source,"The cited model distinguishes documented occurrences from predicted suitability. Country-level categories should therefore be interpreted as ecological evidence tiers, not direct entomological surveillance measurements."
Jamaica,Sovereign state,Yes,Aedes,Aedes aegypti and/or Aedes albopictus,Present,"Categorical synthesis of occurrence and distribution evidence. Status denotes evidence of presence, limited/sporadic occurrence, absence, or uncertainty; it does not quantify mosquito abundance.",Peer-reviewed global occurrence/modelling; regional public-health distribution maps where applicable,S049; S050,2026-05-06,Global modelling,Vector presence indicates ecological compatibility with transmission but does not establish virus circulation. Global or regional sources may not provide a direct country-specific occurrence citation for every jurisdiction.
Jamaica,Sovereign state,Yes,Culex,Culex tritaeniorhynchus complex,Absent,Categorical synthesis of documented occurrence and modelled habitat suitability for the principal JEV vector complex. Status does not quantify abundance or vector competence.,Peer-reviewed global occurrence and habitat-suitability modelling,S051,2026-05-06,Global occurrence/modelling source,"The cited model distinguishes documented occurrences from predicted suitability. Country-level categories should therefore be interpreted as ecological evidence tiers, not direct entomological surveillance measurements."
Japan,Sovereign state,Yes,Aedes,Aedes aegypti and/or Aedes albopictus,Present,"Categorical synthesis of occurrence and distribution evidence. Status denotes evidence of presence, limited/sporadic occurrence, absence, or uncertainty; it does not quantify mosquito abundance.",Peer-reviewed global occurrence/modelling; regional public-health distribution maps where applicable,S049; S050,2026-05-06,Global modelling,Vector presence indicates ecological compatibility with transmission but does not establish virus circulation. Global or regional sources may not provide a direct country-specific occurrence citation for every jurisdiction.
Japan,Sovereign state,Yes,Culex,Culex tritaeniorhynchus complex,Present,Categorical synthesis of documented occurrence and modelled habitat suitability for the principal JEV vector complex. Status does not quantify abundance or vector competence.,Peer-reviewed global occurrence and habitat-suitability modelling,S051,2026-05-06,Global occurrence/modelling source,"The cited model distinguishes documented occurrences from predicted suitability. Country-level categories should therefore be interpreted as ecological evidence tiers, not direct entomological surveillance measurements."
Jersey,Territory/dependency or other jurisdiction,No,Aedes,Aedes aegypti and/or Aedes albopictus,Limited / sporadic,"Categorical synthesis of occurrence and distribution evidence. Status denotes evidence of presence, limited/sporadic occurrence, absence, or uncertainty; it does not quantify mosquito abundance.",Peer-reviewed global occurrence/modelling; regional public-health distribution maps where applicable,S049; S050; S023; S024,2026-05-06,Global modelling plus ECDC regional distribution maps,Vector presence indicates ecological compatibility with transmission but does not establish virus circulation. Global or regional sources may not provide a direct country-specific occurrence citation for every jurisdiction.
Jersey,Territory/dependency or other jurisdiction,No,Culex,Culex tritaeniorhynchus complex,Absent,Categorical synthesis of documented occurrence and modelled habitat suitability for the principal JEV vector complex. Status does not quantify abundance or vector competence.,Peer-reviewed global occurrence and habitat-suitability modelling,S051,2026-05-06,Global occurrence/modelling source,"The cited model distinguishes documented occurrences from predicted suitability. Country-level categories should therefore be interpreted as ecological evidence tiers, not direct entomological surveillance measurements."
Jordan,Sovereign state,Yes,Aedes,Aedes aegypti and/or Aedes albopictus,Limited / sporadic,"Categorical synthesis of occurrence and distribution evidence. Status denotes evidence of presence, limited/sporadic occurrence, absence, or uncertainty; it does not quantify mosquito abundance.",Peer-reviewed global occurrence/modelling; regional public-health distribution maps where applicable,S049; S050,2026-05-06,Global modelling,Vector presence indicates ecological compatibility with transmission but does not establish virus circulation. Global or regional sources may not provide a direct country-specific occurrence citation for every jurisdiction.
Jordan,Sovereign state,Yes,Culex,Culex tritaeniorhynchus complex,Absent,Categorical synthesis of documented occurrence and modelled habitat suitability for the principal JEV vector complex. Status does not quantify abundance or vector competence.,Peer-reviewed global occurrence and habitat-suitability modelling,S051,2026-05-06,Global occurrence/modelling source,"The cited model distinguishes documented occurrences from predicted suitability. Country-level categories should therefore be interpreted as ecological evidence tiers, not direct entomological surveillance measurements."
Kazakhstan,Sovereign state,Yes,Aedes,Aedes aegypti and/or Aedes albopictus,Limited / sporadic,"Categorical synthesis of occurrence and distribution evidence. Status denotes evidence of presence, limited/sporadic occurrence, absence, or uncertainty; it does not quantify mosquito abundance.",Peer-reviewed global occurrence/modelling; regional public-health distribution maps where applicable,S049; S050,2026-05-06,Global modelling,Vector presence indicates ecological compatibility with transmission but does not establish virus circulation. Global or regional sources may not provide a direct country-specific occurrence citation for every jurisdiction.
Kazakhstan,Sovereign state,Yes,Culex,Culex tritaeniorhynchus complex,Limited / uncertain,Categorical synthesis of documented occurrence and modelled habitat suitability for the principal JEV vector complex. Status does not quantify abundance or vector competence.,Peer-reviewed global occurrence and habitat-suitability modelling,S051,2026-05-06,Global occurrence/modelling source,"The cited model distinguishes documented occurrences from predicted suitability. Country-level categories should therefore be interpreted as ecological evidence tiers, not direct entomological surveillance measurements."
Kenya,Sovereign state,Yes,Aedes,Aedes aegypti and/or Aedes albopictus,Present,"Categorical synthesis of occurrence and distribution evidence. Status denotes evidence of presence, limited/sporadic occurrence, absence, or uncertainty; it does not quantify mosquito abundance.",Peer-reviewed global occurrence/modelling; regional public-health distribution maps where applicable,S049; S050,2026-05-06,Global modelling,Vector presence indicates ecological compatibility with transmission but does not establish virus circulation. Global or regional sources may not provide a direct country-specific occurrence citation for every jurisdiction.
Kenya,Sovereign state,Yes,Culex,Culex tritaeniorhynchus complex,Absent,Categorical synthesis of documented occurrence and modelled habitat suitability for the principal JEV vector complex. Status does not quantify abundance or vector competence.,Peer-reviewed global occurrence and habitat-suitability modelling,S051,2026-05-06,Global occurrence/modelling source,"The cited model distinguishes documented occurrences from predicted suitability. Country-level categories should therefore be interpreted as ecological evidence tiers, not direct entomological surveillance measurements."
Kiribati,Sovereign state,Yes,Aedes,Aedes aegypti and/or Aedes albopictus,Present,"Categorical synthesis of occurrence and distribution evidence. Status denotes evidence of presence, limited/sporadic occurrence, absence, or uncertainty; it does not quantify mosquito abundance.",Peer-reviewed global occurrence/modelling; regional public-health distribution maps where applicable,S049; S050,2026-05-06,Global modelling,Vector presence indicates ecological compatibility with transmission but does not establish virus circulation. Global or regional sources may not provide a direct country-specific occurrence citation for every jurisdiction.
Kiribati,Sovereign state,Yes,Culex,Culex tritaeniorhynchus complex,Limited / uncertain,Categorical synthesis of documented occurrence and modelled habitat suitability for the principal JEV vector complex. Status does not quantify abundance or vector competence.,Peer-reviewed global occurrence and habitat-suitability modelling,S051,2026-05-06,Global occurrence/modelling source,"The cited model distinguishes documented occurrences from predicted suitability. Country-level categories should therefore be interpreted as ecological evidence tiers, not direct entomological surveillance measurements."
"Korea, Democratic People's Republic of",Sovereign state,Yes,Aedes,Aedes aegypti and/or Aedes albopictus,Limited / sporadic,"Categorical synthesis of occurrence and distribution evidence. Status denotes evidence of presence, limited/sporadic occurrence, absence, or uncertainty; it does not quantify mosquito abundance.",Peer-reviewed global occurrence/modelling; regional public-health distribution maps where applicable,S049; S050,2026-05-06,Global modelling,Vector presence indicates ecological compatibility with transmission but does not establish virus circulation. Global or regional sources may not provide a direct country-specific occurrence citation for every jurisdiction.
"Korea, Democratic People's Republic of",Sovereign state,Yes,Culex,Culex tritaeniorhynchus complex,Present,Categorical synthesis of documented occurrence and modelled habitat suitability for the principal JEV vector complex. Status does not quantify abundance or vector competence.,Peer-reviewed global occurrence and habitat-suitability modelling,S051,2026-05-06,Global occurrence/modelling source,"The cited model distinguishes documented occurrences from predicted suitability. Country-level categories should therefore be interpreted as ecological evidence tiers, not direct entomological surveillance measurements."
"Korea, Republic of",Sovereign state,Yes,Aedes,Aedes aegypti and/or Aedes albopictus,Present,"Categorical synthesis of occurrence and distribution evidence. Status denotes evidence of presence, limited/sporadic occurrence, absence, or uncertainty; it does not quantify mosquito abundance.",Peer-reviewed global occurrence/modelling; regional public-health distribution maps where applicable,S049; S050,2026-05-06,Global modelling,Vector presence indicates ecological compatibility with transmission but does not establish virus circulation. Global or regional sources may not provide a direct country-specific occurrence citation for every jurisdiction.
"Korea, Republic of",Sovereign state,Yes,Culex,Culex tritaeniorhynchus complex,Present,Categorical synthesis of documented occurrence and modelled habitat suitability for the principal JEV vector complex. Status does not quantify abundance or vector competence.,Peer-reviewed global occurrence and habitat-suitability modelling,S051,2026-05-06,Global occurrence/modelling source,"The cited model distinguishes documented occurrences from predicted suitability. Country-level categories should therefore be interpreted as ecological evidence tiers, not direct entomological surveillance measurements."
Kuwait,Sovereign state,Yes,Aedes,Aedes aegypti and/or Aedes albopictus,Limited / sporadic,"Categorical synthesis of occurrence and distribution evidence. Status denotes evidence of presence, limited/sporadic occurrence, absence, or uncertainty; it does not quantify mosquito abundance.",Peer-reviewed global occurrence/modelling; regional public-health distribution maps where applicable,S049; S050,2026-05-06,Global modelling,Vector presence indicates ecological compatibility with transmission but does not establish virus circulation. Global or regional sources may not provide a direct country-specific occurrence citation for every jurisdiction.
Kuwait,Sovereign state,Yes,Culex,Culex tritaeniorhynchus complex,Absent,Categorical synthesis of documented occurrence and modelled habitat suitability for the principal JEV vector complex. Status does not quantify abundance or vector competence.,Peer-reviewed global occurrence and habitat-suitability modelling,S051,2026-05-06,Global occurrence/modelling source,"The cited model distinguishes documented occurrences from predicted suitability. Country-level categories should therefore be interpreted as ecological evidence tiers, not direct entomological surveillance measurements."
Kyrgyzstan,Sovereign state,Yes,Aedes,Aedes aegypti and/or Aedes albopictus,Limited / sporadic,"Categorical synthesis of occurrence and distribution evidence. Status denotes evidence of presence, limited/sporadic occurrence, absence, or uncertainty; it does not quantify mosquito abundance.",Peer-reviewed global occurrence/modelling; regional public-health distribution maps where applicable,S049; S050,2026-05-06,Global modelling,Vector presence indicates ecological compatibility with transmission but does not establish virus circulation. Global or regional sources may not provide a direct country-specific occurrence citation for every jurisdiction.
Kyrgyzstan,Sovereign state,Yes,Culex,Culex tritaeniorhynchus complex,Limited / uncertain,Categorical synthesis of documented occurrence and modelled habitat suitability for the principal JEV vector complex. Status does not quantify abundance or vector competence.,Peer-reviewed global occurrence and habitat-suitability modelling,S051,2026-05-06,Global occurrence/modelling source,"The cited model distinguishes documented occurrences from predicted suitability. Country-level categories should therefore be interpreted as ecological evidence tiers, not direct entomological surveillance measurements."
Lao People's Democratic Republic,Sovereign state,Yes,Aedes,Aedes aegypti and/or Aedes albopictus,Present,"Categorical synthesis of occurrence and distribution evidence. Status denotes evidence of presence, limited/sporadic occurrence, absence, or uncertainty; it does not quantify mosquito abundance.",Peer-reviewed global occurrence/modelling; regional public-health distribution maps where applicable,S049; S050,2026-05-06,Global modelling,Vector presence indicates ecological compatibility with transmission but does not establish virus circulation. Global or regional sources may not provide a direct country-specific occurrence citation for every jurisdiction.
Lao People's Democratic Republic,Sovereign state,Yes,Culex,Culex tritaeniorhynchus complex,Present,Categorical synthesis of documented occurrence and modelled habitat suitability for the principal JEV vector complex. Status does not quantify abundance or vector competence.,Peer-reviewed global occurrence and habitat-suitability modelling,S051,2026-05-06,Global occurrence/modelling source,"The cited model distinguishes documented occurrences from predicted suitability. Country-level categories should therefore be interpreted as ecological evidence tiers, not direct entomological surveillance measurements."
Latvia,Sovereign state,Yes,Aedes,Aedes aegypti and/or Aedes albopictus,Absent,"Categorical synthesis of occurrence and distribution evidence. Status denotes evidence of presence, limited/sporadic occurrence, absence, or uncertainty; it does not quantify mosquito abundance.",Peer-reviewed global occurrence/modelling; regional public-health distribution maps where applicable,S049; S050; S023; S024,2026-05-06,Global modelling plus ECDC regional distribution maps,Vector presence indicates ecological compatibility with transmission but does not establish virus circulation. Global or regional sources may not provide a direct country-specific occurrence citation for every jurisdiction.
Latvia,Sovereign state,Yes,Culex,Culex tritaeniorhynchus complex,Absent,Categorical synthesis of documented occurrence and modelled habitat suitability for the principal JEV vector complex. Status does not quantify abundance or vector competence.,Peer-reviewed global occurrence and habitat-suitability modelling,S051,2026-05-06,Global occurrence/modelling source,"The cited model distinguishes documented occurrences from predicted suitability. Country-level categories should therefore be interpreted as ecological evidence tiers, not direct entomological surveillance measurements."
Lebanon,Sovereign state,Yes,Aedes,Aedes aegypti and/or Aedes albopictus,Present,"Categorical synthesis of occurrence and distribution evidence. Status denotes evidence of presence, limited/sporadic occurrence, absence, or uncertainty; it does not quantify mosquito abundance.",Peer-reviewed global occurrence/modelling; regional public-health distribution maps where applicable,S049; S050,2026-05-06,Global modelling,Vector presence indicates ecological compatibility with transmission but does not establish virus circulation. Global or regional sources may not provide a direct country-specific occurrence citation for every jurisdiction.
Lebanon,Sovereign state,Yes,Culex,Culex tritaeniorhynchus complex,Absent,Categorical synthesis of documented occurrence and modelled habitat suitability for the principal JEV vector complex. Status does not quantify abundance or vector competence.,Peer-reviewed global occurrence and habitat-suitability modelling,S051,2026-05-06,Global occurrence/modelling source,"The cited model distinguishes documented occurrences from predicted suitability. Country-level categories should therefore be interpreted as ecological evidence tiers, not direct entomological surveillance measurements."
Lesotho,Sovereign state,Yes,Aedes,Aedes aegypti and/or Aedes albopictus,Limited / sporadic,"Categorical synthesis of occurrence and distribution evidence. Status denotes evidence of presence, limited/sporadic occurrence, absence, or uncertainty; it does not quantify mosquito abundance.",Peer-reviewed global occurrence/modelling; regional public-health distribution maps where applicable,S049; S050,2026-05-06,Global modelling,Vector presence indicates ecological compatibility with transmission but does not establish virus circulation. Global or regional sources may not provide a direct country-specific occurrence citation for every jurisdiction.
Lesotho,Sovereign state,Yes,Culex,Culex tritaeniorhynchus complex,Absent,Categorical synthesis of documented occurrence and modelled habitat suitability for the principal JEV vector complex. Status does not quantify abundance or vector competence.,Peer-reviewed global occurrence and habitat-suitability modelling,S051,2026-05-06,Global occurrence/modelling source,"The cited model distinguishes documented occurrences from predicted suitability. Country-level categories should therefore be interpreted as ecological evidence tiers, not direct entomological surveillance measurements."
Liberia,Sovereign state,Yes,Aedes,Aedes aegypti and/or Aedes albopictus,Present,"Categorical synthesis of occurrence and distribution evidence. Status denotes evidence of presence, limited/sporadic occurrence, absence, or uncertainty; it does not quantify mosquito abundance.",Peer-reviewed global occurrence/modelling; regional public-health distribution maps where applicable,S049; S050,2026-05-06,Global modelling,Vector presence indicates ecological compatibility with transmission but does not establish virus circulation. Global or regional sources may not provide a direct country-specific occurrence citation for every jurisdiction.
Liberia,Sovereign state,Yes,Culex,Culex tritaeniorhynchus complex,Absent,Categorical synthesis of documented occurrence and modelled habitat suitability for the principal JEV vector complex. Status does not quantify abundance or vector competence.,Peer-reviewed global occurrence and habitat-suitability modelling,S051,2026-05-06,Global occurrence/modelling source,"The cited model distinguishes documented occurrences from predicted suitability. Country-level categories should therefore be interpreted as ecological evidence tiers, not direct entomological surveillance measurements."
Libya,Sovereign state,Yes,Aedes,Aedes aegypti and/or Aedes albopictus,Limited / sporadic,"Categorical synthesis of occurrence and distribution evidence. Status denotes evidence of presence, limited/sporadic occurrence, absence, or uncertainty; it does not quantify mosquito abundance.",Peer-reviewed global occurrence/modelling; regional public-health distribution maps where applicable,S049; S050,2026-05-06,Global modelling,Vector presence indicates ecological compatibility with transmission but does not establish virus circulation. Global or regional sources may not provide a direct country-specific occurrence citation for every jurisdiction.
Libya,Sovereign state,Yes,Culex,Culex tritaeniorhynchus complex,Absent,Categorical synthesis of documented occurrence and modelled habitat suitability for the principal JEV vector complex. Status does not quantify abundance or vector competence.,Peer-reviewed global occurrence and habitat-suitability modelling,S051,2026-05-06,Global occurrence/modelling source,"The cited model distinguishes documented occurrences from predicted suitability. Country-level categories should therefore be interpreted as ecological evidence tiers, not direct entomological surveillance measurements."
Liechtenstein,Sovereign state,Yes,Aedes,Aedes aegypti and/or Aedes albopictus,Limited / sporadic,"Categorical synthesis of occurrence and distribution evidence. Status denotes evidence of presence, limited/sporadic occurrence, absence, or uncertainty; it does not quantify mosquito abundance.",Peer-reviewed global occurrence/modelling; regional public-health distribution maps where applicable,S049; S050; S023; S024,2026-05-06,Global modelling plus ECDC regional distribution maps,Vector presence indicates ecological compatibility with transmission but does not establish virus circulation. Global or regional sources may not provide a direct country-specific occurrence citation for every jurisdiction.
Liechtenstein,Sovereign state,Yes,Culex,Culex tritaeniorhynchus complex,Absent,Categorical synthesis of documented occurrence and modelled habitat suitability for the principal JEV vector complex. Status does not quantify abundance or vector competence.,Peer-reviewed global occurrence and habitat-suitability modelling,S051,2026-05-06,Global occurrence/modelling source,"The cited model distinguishes documented occurrences from predicted suitability. Country-level categories should therefore be interpreted as ecological evidence tiers, not direct entomological surveillance measurements."
Lithuania,Sovereign state,Yes,Aedes,Aedes aegypti and/or Aedes albopictus,Absent,"Categorical synthesis of occurrence and distribution evidence. Status denotes evidence of presence, limited/sporadic occurrence, absence, or uncertainty; it does not quantify mosquito abundance.",Peer-reviewed global occurrence/modelling; regional public-health distribution maps where applicable,S049; S050; S023; S024,2026-05-06,Global modelling plus ECDC regional distribution maps,Vector presence indicates ecological compatibility with transmission but does not establish virus circulation. Global or regional sources may not provide a direct country-specific occurrence citation for every jurisdiction.
Lithuania,Sovereign state,Yes,Culex,Culex tritaeniorhynchus complex,Absent,Categorical synthesis of documented occurrence and modelled habitat suitability for the principal JEV vector complex. Status does not quantify abundance or vector competence.,Peer-reviewed global occurrence and habitat-suitability modelling,S051,2026-05-06,Global occurrence/modelling source,"The cited model distinguishes documented occurrences from predicted suitability. Country-level categories should therefore be interpreted as ecological evidence tiers, not direct entomological surveillance measurements."
Luxembourg,Sovereign state,Yes,Aedes,Aedes aegypti and/or Aedes albopictus,Limited / sporadic,"Categorical synthesis of occurrence and distribution evidence. Status denotes evidence of presence, limited/sporadic occurrence, absence, or uncertainty; it does not quantify mosquito abundance.",Peer-reviewed global occurrence/modelling; regional public-health distribution maps where applicable,S049; S050; S023; S024,2026-05-06,Global modelling plus ECDC regional distribution maps,Vector presence indicates ecological compatibility with transmission but does not establish virus circulation. Global or regional sources may not provide a direct country-specific occurrence citation for every jurisdiction.
Luxembourg,Sovereign state,Yes,Culex,Culex tritaeniorhynchus complex,Absent,Categorical synthesis of documented occurrence and modelled habitat suitability for the principal JEV vector complex. Status does not quantify abundance or vector competence.,Peer-reviewed global occurrence and habitat-suitability modelling,S051,2026-05-06,Global occurrence/modelling source,"The cited model distinguishes documented occurrences from predicted suitability. Country-level categories should therefore be interpreted as ecological evidence tiers, not direct entomological surveillance measurements."
Macao,Territory/dependency or other jurisdiction,No,Aedes,Aedes aegypti and/or Aedes albopictus,Present,"Categorical synthesis of occurrence and distribution evidence. Status denotes evidence of presence, limited/sporadic occurrence, absence, or uncertainty; it does not quantify mosquito abundance.",Peer-reviewed global occurrence/modelling; regional public-health distribution maps where applicable,S049; S050,2026-05-06,Global modelling,Vector presence indicates ecological compatibility with transmission but does not establish virus circulation. Global or regional sources may not provide a direct country-specific occurrence citation for every jurisdiction.
Macao,Territory/dependency or other jurisdiction,No,Culex,Culex tritaeniorhynchus complex,Absent,Categorical synthesis of documented occurrence and modelled habitat suitability for the principal JEV vector complex. Status does not quantify abundance or vector competence.,Peer-reviewed global occurrence and habitat-suitability modelling,S051,2026-05-06,Global occurrence/modelling source,"The cited model distinguishes documented occurrences from predicted suitability. Country-level categories should therefore be interpreted as ecological evidence tiers, not direct entomological surveillance measurements."
Madagascar,Sovereign state,Yes,Aedes,Aedes aegypti and/or Aedes albopictus,Present,"Categorical synthesis of occurrence and distribution evidence. Status denotes evidence of presence, limited/sporadic occurrence, absence, or uncertainty; it does not quantify mosquito abundance.",Peer-reviewed global occurrence/modelling; regional public-health distribution maps where applicable,S049; S050,2026-05-06,Global modelling,Vector presence indicates ecological compatibility with transmission but does not establish virus circulation. Global or regional sources may not provide a direct country-specific occurrence citation for every jurisdiction.
Madagascar,Sovereign state,Yes,Culex,Culex tritaeniorhynchus complex,Absent,Categorical synthesis of documented occurrence and modelled habitat suitability for the principal JEV vector complex. Status does not quantify abundance or vector competence.,Peer-reviewed global occurrence and habitat-suitability modelling,S051,2026-05-06,Global occurrence/modelling source,"The cited model distinguishes documented occurrences from predicted suitability. Country-level categories should therefore be interpreted as ecological evidence tiers, not direct entomological surveillance measurements."
Malawi,Sovereign state,Yes,Aedes,Aedes aegypti and/or Aedes albopictus,Present,"Categorical synthesis of occurrence and distribution evidence. Status denotes evidence of presence, limited/sporadic occurrence, absence, or uncertainty; it does not quantify mosquito abundance.",Peer-reviewed global occurrence/modelling; regional public-health distribution maps where applicable,S049; S050,2026-05-06,Global modelling,Vector presence indicates ecological compatibility with transmission but does not establish virus circulation. Global or regional sources may not provide a direct country-specific occurrence citation for every jurisdiction.
Malawi,Sovereign state,Yes,Culex,Culex tritaeniorhynchus complex,Absent,Categorical synthesis of documented occurrence and modelled habitat suitability for the principal JEV vector complex. Status does not quantify abundance or vector competence.,Peer-reviewed global occurrence and habitat-suitability modelling,S051,2026-05-06,Global occurrence/modelling source,"The cited model distinguishes documented occurrences from predicted suitability. Country-level categories should therefore be interpreted as ecological evidence tiers, not direct entomological surveillance measurements."
Malaysia,Sovereign state,Yes,Aedes,Aedes aegypti and/or Aedes albopictus,Present,"Categorical synthesis of occurrence and distribution evidence. Status denotes evidence of presence, limited/sporadic occurrence, absence, or uncertainty; it does not quantify mosquito abundance.",Peer-reviewed global occurrence/modelling; regional public-health distribution maps where applicable,S049; S050,2026-05-06,Global modelling,Vector presence indicates ecological compatibility with transmission but does not establish virus circulation. Global or regional sources may not provide a direct country-specific occurrence citation for every jurisdiction.
Malaysia,Sovereign state,Yes,Culex,Culex tritaeniorhynchus complex,Present,Categorical synthesis of documented occurrence and modelled habitat suitability for the principal JEV vector complex. Status does not quantify abundance or vector competence.,Peer-reviewed global occurrence and habitat-suitability modelling,S051,2026-05-06,Global occurrence/modelling source,"The cited model distinguishes documented occurrences from predicted suitability. Country-level categories should therefore be interpreted as ecological evidence tiers, not direct entomological surveillance measurements."
Maldives,Sovereign state,Yes,Aedes,Aedes aegypti and/or Aedes albopictus,Present,"Categorical synthesis of occurrence and distribution evidence. Status denotes evidence of presence, limited/sporadic occurrence, absence, or uncertainty; it does not quantify mosquito abundance.",Peer-reviewed global occurrence/modelling; regional public-health distribution maps where applicable,S049; S050,2026-05-06,Global modelling,Vector presence indicates ecological compatibility with transmission but does not establish virus circulation. Global or regional sources may not provide a direct country-specific occurrence citation for every jurisdiction.
Maldives,Sovereign state,Yes,Culex,Culex tritaeniorhynchus complex,Absent,Categorical synthesis of documented occurrence and modelled habitat suitability for the principal JEV vector complex. Status does not quantify abundance or vector competence.,Peer-reviewed global occurrence and habitat-suitability modelling,S051,2026-05-06,Global occurrence/modelling source,"The cited model distinguishes documented occurrences from predicted suitability. Country-level categories should therefore be interpreted as ecological evidence tiers, not direct entomological surveillance measurements."
Mali,Sovereign state,Yes,Aedes,Aedes aegypti and/or Aedes albopictus,Present,"Categorical synthesis of occurrence and distribution evidence. Status denotes evidence of presence, limited/sporadic occurrence, absence, or uncertainty; it does not quantify mosquito abundance.",Peer-reviewed global occurrence/modelling; regional public-health distribution maps where applicable,S049; S050,2026-05-06,Global modelling,Vector presence indicates ecological compatibility with transmission but does not establish virus circulation. Global or regional sources may not provide a direct country-specific occurrence citation for every jurisdiction.
Mali,Sovereign state,Yes,Culex,Culex tritaeniorhynchus complex,Absent,Categorical synthesis of documented occurrence and modelled habitat suitability for the principal JEV vector complex. Status does not quantify abundance or vector competence.,Peer-reviewed global occurrence and habitat-suitability modelling,S051,2026-05-06,Global occurrence/modelling source,"The cited model distinguishes documented occurrences from predicted suitability. Country-level categories should therefore be interpreted as ecological evidence tiers, not direct entomological surveillance measurements."
Malta,Sovereign state,Yes,Aedes,Aedes aegypti and/or Aedes albopictus,Present,"Categorical synthesis of occurrence and distribution evidence. Status denotes evidence of presence, limited/sporadic occurrence, absence, or uncertainty; it does not quantify mosquito abundance.",Peer-reviewed global occurrence/modelling; regional public-health distribution maps where applicable,S049; S050; S023; S024,2026-05-06,Global modelling plus ECDC regional distribution maps,Vector presence indicates ecological compatibility with transmission but does not establish virus circulation. Global or regional sources may not provide a direct country-specific occurrence citation for every jurisdiction.
Malta,Sovereign state,Yes,Culex,Culex tritaeniorhynchus complex,Absent,Categorical synthesis of documented occurrence and modelled habitat suitability for the principal JEV vector complex. Status does not quantify abundance or vector competence.,Peer-reviewed global occurrence and habitat-suitability modelling,S051,2026-05-06,Global occurrence/modelling source,"The cited model distinguishes documented occurrences from predicted suitability. Country-level categories should therefore be interpreted as ecological evidence tiers, not direct entomological surveillance measurements."
Marshall Islands,Sovereign state,Yes,Aedes,Aedes aegypti and/or Aedes albopictus,Present,"Categorical synthesis of occurrence and distribution evidence. Status denotes evidence of presence, limited/sporadic occurrence, absence, or uncertainty; it does not quantify mosquito abundance.",Peer-reviewed global occurrence/modelling; regional public-health distribution maps where applicable,S049; S050,2026-05-06,Global modelling,Vector presence indicates ecological compatibility with transmission but does not establish virus circulation. Global or regional sources may not provide a direct country-specific occurrence citation for every jurisdiction.
Marshall Islands,Sovereign state,Yes,Culex,Culex tritaeniorhynchus complex,Limited / uncertain,Categorical synthesis of documented occurrence and modelled habitat suitability for the principal JEV vector complex. Status does not quantify abundance or vector competence.,Peer-reviewed global occurrence and habitat-suitability modelling,S051,2026-05-06,Global occurrence/modelling source,"The cited model distinguishes documented occurrences from predicted suitability. Country-level categories should therefore be interpreted as ecological evidence tiers, not direct entomological surveillance measurements."
Martinique,Territory/dependency or other jurisdiction,No,Aedes,Aedes aegypti and/or Aedes albopictus,Present,"Categorical synthesis of occurrence and distribution evidence. Status denotes evidence of presence, limited/sporadic occurrence, absence, or uncertainty; it does not quantify mosquito abundance.",Peer-reviewed global occurrence/modelling; regional public-health distribution maps where applicable,S049; S050,2026-05-06,Global modelling,Vector presence indicates ecological compatibility with transmission but does not establish virus circulation. Global or regional sources may not provide a direct country-specific occurrence citation for every jurisdiction.
Martinique,Territory/dependency or other jurisdiction,No,Culex,Culex tritaeniorhynchus complex,Absent,Categorical synthesis of documented occurrence and modelled habitat suitability for the principal JEV vector complex. Status does not quantify abundance or vector competence.,Peer-reviewed global occurrence and habitat-suitability modelling,S051,2026-05-06,Global occurrence/modelling source,"The cited model distinguishes documented occurrences from predicted suitability. Country-level categories should therefore be interpreted as ecological evidence tiers, not direct entomological surveillance measurements."
Mauritania,Sovereign state,Yes,Aedes,Aedes aegypti and/or Aedes albopictus,Present,"Categorical synthesis of occurrence and distribution evidence. Status denotes evidence of presence, limited/sporadic occurrence, absence, or uncertainty; it does not quantify mosquito abundance.",Peer-reviewed global occurrence/modelling; regional public-health distribution maps where applicable,S049; S050,2026-05-06,Global modelling,Vector presence indicates ecological compatibility with transmission but does not establish virus circulation. Global or regional sources may not provide a direct country-specific occurrence citation for every jurisdiction.
Mauritania,Sovereign state,Yes,Culex,Culex tritaeniorhynchus complex,Absent,Categorical synthesis of documented occurrence and modelled habitat suitability for the principal JEV vector complex. Status does not quantify abundance or vector competence.,Peer-reviewed global occurrence and habitat-suitability modelling,S051,2026-05-06,Global occurrence/modelling source,"The cited model distinguishes documented occurrences from predicted suitability. Country-level categories should therefore be interpreted as ecological evidence tiers, not direct entomological surveillance measurements."
Mauritius,Sovereign state,Yes,Aedes,Aedes aegypti and/or Aedes albopictus,Present,"Categorical synthesis of occurrence and distribution evidence. Status denotes evidence of presence, limited/sporadic occurrence, absence, or uncertainty; it does not quantify mosquito abundance.",Peer-reviewed global occurrence/modelling; regional public-health distribution maps where applicable,S049; S050,2026-05-06,Global modelling,Vector presence indicates ecological compatibility with transmission but does not establish virus circulation. Global or regional sources may not provide a direct country-specific occurrence citation for every jurisdiction.
Mauritius,Sovereign state,Yes,Culex,Culex tritaeniorhynchus complex,Absent,Categorical synthesis of documented occurrence and modelled habitat suitability for the principal JEV vector complex. Status does not quantify abundance or vector competence.,Peer-reviewed global occurrence and habitat-suitability modelling,S051,2026-05-06,Global occurrence/modelling source,"The cited model distinguishes documented occurrences from predicted suitability. Country-level categories should therefore be interpreted as ecological evidence tiers, not direct entomological surveillance measurements."
Mayotte,Territory/dependency or other jurisdiction,No,Aedes,Aedes aegypti and/or Aedes albopictus,Present,"Categorical synthesis of occurrence and distribution evidence. Status denotes evidence of presence, limited/sporadic occurrence, absence, or uncertainty; it does not quantify mosquito abundance.",Peer-reviewed global occurrence/modelling; regional public-health distribution maps where applicable,S049; S050,2026-05-06,Global modelling,Vector presence indicates ecological compatibility with transmission but does not establish virus circulation. Global or regional sources may not provide a direct country-specific occurrence citation for every jurisdiction.
Mayotte,Territory/dependency or other jurisdiction,No,Culex,Culex tritaeniorhynchus complex,Absent,Categorical synthesis of documented occurrence and modelled habitat suitability for the principal JEV vector complex. Status does not quantify abundance or vector competence.,Peer-reviewed global occurrence and habitat-suitability modelling,S051,2026-05-06,Global occurrence/modelling source,"The cited model distinguishes documented occurrences from predicted suitability. Country-level categories should therefore be interpreted as ecological evidence tiers, not direct entomological surveillance measurements."
Mexico,Sovereign state,Yes,Aedes,Aedes aegypti and/or Aedes albopictus,Present,"Categorical synthesis of occurrence and distribution evidence. Status denotes evidence of presence, limited/sporadic occurrence, absence, or uncertainty; it does not quantify mosquito abundance.",Peer-reviewed global occurrence/modelling; regional public-health distribution maps where applicable,S049; S050,2026-05-06,Global modelling,Vector presence indicates ecological compatibility with transmission but does not establish virus circulation. Global or regional sources may not provide a direct country-specific occurrence citation for every jurisdiction.
Mexico,Sovereign state,Yes,Culex,Culex tritaeniorhynchus complex,Absent,Categorical synthesis of documented occurrence and modelled habitat suitability for the principal JEV vector complex. Status does not quantify abundance or vector competence.,Peer-reviewed global occurrence and habitat-suitability modelling,S051,2026-05-06,Global occurrence/modelling source,"The cited model distinguishes documented occurrences from predicted suitability. Country-level categories should therefore be interpreted as ecological evidence tiers, not direct entomological surveillance measurements."
"Micronesia, Federated States of",Sovereign state,Yes,Aedes,Aedes aegypti and/or Aedes albopictus,Present,"Categorical synthesis of occurrence and distribution evidence. Status denotes evidence of presence, limited/sporadic occurrence, absence, or uncertainty; it does not quantify mosquito abundance.",Peer-reviewed global occurrence/modelling; regional public-health distribution maps where applicable,S049; S050,2026-05-06,Global modelling,Vector presence indicates ecological compatibility with transmission but does not establish virus circulation. Global or regional sources may not provide a direct country-specific occurrence citation for every jurisdiction.
"Micronesia, Federated States of",Sovereign state,Yes,Culex,Culex tritaeniorhynchus complex,Limited / uncertain,Categorical synthesis of documented occurrence and modelled habitat suitability for the principal JEV vector complex. Status does not quantify abundance or vector competence.,Peer-reviewed global occurrence and habitat-suitability modelling,S051,2026-05-06,Global occurrence/modelling source,"The cited model distinguishes documented occurrences from predicted suitability. Country-level categories should therefore be interpreted as ecological evidence tiers, not direct entomological surveillance measurements."
"Moldova, Republic of",Sovereign state,Yes,Aedes,Aedes aegypti and/or Aedes albopictus,Limited / sporadic,"Categorical synthesis of occurrence and distribution evidence. Status denotes evidence of presence, limited/sporadic occurrence, absence, or uncertainty; it does not quantify mosquito abundance.",Peer-reviewed global occurrence/modelling; regional public-health distribution maps where applicable,S049; S050,2026-05-06,Global modelling,Vector presence indicates ecological compatibility with transmission but does not establish virus circulation. Global or regional sources may not provide a direct country-specific occurrence citation for every jurisdiction.
"Moldova, Republic of",Sovereign state,Yes,Culex,Culex tritaeniorhynchus complex,Absent,Categorical synthesis of documented occurrence and modelled habitat suitability for the principal JEV vector complex. Status does not quantify abundance or vector competence.,Peer-reviewed global occurrence and habitat-suitability modelling,S051,2026-05-06,Global occurrence/modelling source,"The cited model distinguishes documented occurrences from predicted suitability. Country-level categories should therefore be interpreted as ecological evidence tiers, not direct entomological surveillance measurements."
Monaco,Sovereign state,Yes,Aedes,Aedes aegypti and/or Aedes albopictus,Limited / sporadic,"Categorical synthesis of occurrence and distribution evidence. Status denotes evidence of presence, limited/sporadic occurrence, absence, or uncertainty; it does not quantify mosquito abundance.",Peer-reviewed global occurrence/modelling; regional public-health distribution maps where applicable,S049; S050; S023; S024,2026-05-06,Global modelling plus ECDC regional distribution maps,Vector presence indicates ecological compatibility with transmission but does not establish virus circulation. Global or regional sources may not provide a direct country-specific occurrence citation for every jurisdiction.
Monaco,Sovereign state,Yes,Culex,Culex tritaeniorhynchus complex,Absent,Categorical synthesis of documented occurrence and modelled habitat suitability for the principal JEV vector complex. Status does not quantify abundance or vector competence.,Peer-reviewed global occurrence and habitat-suitability modelling,S051,2026-05-06,Global occurrence/modelling source,"The cited model distinguishes documented occurrences from predicted suitability. Country-level categories should therefore be interpreted as ecological evidence tiers, not direct entomological surveillance measurements."
Mongolia,Sovereign state,Yes,Aedes,Aedes aegypti and/or Aedes albopictus,Absent,"Categorical synthesis of occurrence and distribution evidence. Status denotes evidence of presence, limited/sporadic occurrence, absence, or uncertainty; it does not quantify mosquito abundance.",Peer-reviewed global occurrence/modelling; regional public-health distribution maps where applicable,S049; S050,2026-05-06,Global modelling,Vector presence indicates ecological compatibility with transmission but does not establish virus circulation. Global or regional sources may not provide a direct country-specific occurrence citation for every jurisdiction.
Mongolia,Sovereign state,Yes,Culex,Culex tritaeniorhynchus complex,Limited / uncertain,Categorical synthesis of documented occurrence and modelled habitat suitability for the principal JEV vector complex. Status does not quantify abundance or vector competence.,Peer-reviewed global occurrence and habitat-suitability modelling,S051,2026-05-06,Global occurrence/modelling source,"The cited model distinguishes documented occurrences from predicted suitability. Country-level categories should therefore be interpreted as ecological evidence tiers, not direct entomological surveillance measurements."
Montenegro,Sovereign state,Yes,Aedes,Aedes aegypti and/or Aedes albopictus,Limited / sporadic,"Categorical synthesis of occurrence and distribution evidence. Status denotes evidence of presence, limited/sporadic occurrence, absence, or uncertainty; it does not quantify mosquito abundance.",Peer-reviewed global occurrence/modelling; regional public-health distribution maps where applicable,S049; S050; S023; S024,2026-05-06,Global modelling plus ECDC regional distribution maps,Vector presence indicates ecological compatibility with transmission but does not establish virus circulation. Global or regional sources may not provide a direct country-specific occurrence citation for every jurisdiction.
Montenegro,Sovereign state,Yes,Culex,Culex tritaeniorhynchus complex,Absent,Categorical synthesis of documented occurrence and modelled habitat suitability for the principal JEV vector complex. Status does not quantify abundance or vector competence.,Peer-reviewed global occurrence and habitat-suitability modelling,S051,2026-05-06,Global occurrence/modelling source,"The cited model distinguishes documented occurrences from predicted suitability. Country-level categories should therefore be interpreted as ecological evidence tiers, not direct entomological surveillance measurements."
Montserrat,Territory/dependency or other jurisdiction,No,Aedes,Aedes aegypti and/or Aedes albopictus,Present,"Categorical synthesis of occurrence and distribution evidence. Status denotes evidence of presence, limited/sporadic occurrence, absence, or uncertainty; it does not quantify mosquito abundance.",Peer-reviewed global occurrence/modelling; regional public-health distribution maps where applicable,S049; S050,2026-05-06,Global modelling,Vector presence indicates ecological compatibility with transmission but does not establish virus circulation. Global or regional sources may not provide a direct country-specific occurrence citation for every jurisdiction.
Montserrat,Territory/dependency or other jurisdiction,No,Culex,Culex tritaeniorhynchus complex,Absent,Categorical synthesis of documented occurrence and modelled habitat suitability for the principal JEV vector complex. Status does not quantify abundance or vector competence.,Peer-reviewed global occurrence and habitat-suitability modelling,S051,2026-05-06,Global occurrence/modelling source,"The cited model distinguishes documented occurrences from predicted suitability. Country-level categories should therefore be interpreted as ecological evidence tiers, not direct entomological surveillance measurements."
Morocco,Sovereign state,Yes,Aedes,Aedes aegypti and/or Aedes albopictus,Limited / sporadic,"Categorical synthesis of occurrence and distribution evidence. Status denotes evidence of presence, limited/sporadic occurrence, absence, or uncertainty; it does not quantify mosquito abundance.",Peer-reviewed global occurrence/modelling; regional public-health distribution maps where applicable,S049; S050,2026-05-06,Global modelling,Vector presence indicates ecological compatibility with transmission but does not establish virus circulation. Global or regional sources may not provide a direct country-specific occurrence citation for every jurisdiction.
Morocco,Sovereign state,Yes,Culex,Culex tritaeniorhynchus complex,Absent,Categorical synthesis of documented occurrence and modelled habitat suitability for the principal JEV vector complex. Status does not quantify abundance or vector competence.,Peer-reviewed global occurrence and habitat-suitability modelling,S051,2026-05-06,Global occurrence/modelling source,"The cited model distinguishes documented occurrences from predicted suitability. Country-level categories should therefore be interpreted as ecological evidence tiers, not direct entomological surveillance measurements."
Mozambique,Sovereign state,Yes,Aedes,Aedes aegypti and/or Aedes albopictus,Present,"Categorical synthesis of occurrence and distribution evidence. Status denotes evidence of presence, limited/sporadic occurrence, absence, or uncertainty; it does not quantify mosquito abundance.",Peer-reviewed global occurrence/modelling; regional public-health distribution maps where applicable,S049; S050,2026-05-06,Global modelling,Vector presence indicates ecological compatibility with transmission but does not establish virus circulation. Global or regional sources may not provide a direct country-specific occurrence citation for every jurisdiction.
Mozambique,Sovereign state,Yes,Culex,Culex tritaeniorhynchus complex,Absent,Categorical synthesis of documented occurrence and modelled habitat suitability for the principal JEV vector complex. Status does not quantify abundance or vector competence.,Peer-reviewed global occurrence and habitat-suitability modelling,S051,2026-05-06,Global occurrence/modelling source,"The cited model distinguishes documented occurrences from predicted suitability. Country-level categories should therefore be interpreted as ecological evidence tiers, not direct entomological surveillance measurements."
Myanmar,Sovereign state,Yes,Aedes,Aedes aegypti and/or Aedes albopictus,Present,"Categorical synthesis of occurrence and distribution evidence. Status denotes evidence of presence, limited/sporadic occurrence, absence, or uncertainty; it does not quantify mosquito abundance.",Peer-reviewed global occurrence/modelling; regional public-health distribution maps where applicable,S049; S050,2026-05-06,Global modelling,Vector presence indicates ecological compatibility with transmission but does not establish virus circulation. Global or regional sources may not provide a direct country-specific occurrence citation for every jurisdiction.
Myanmar,Sovereign state,Yes,Culex,Culex tritaeniorhynchus complex,Present,Categorical synthesis of documented occurrence and modelled habitat suitability for the principal JEV vector complex. Status does not quantify abundance or vector competence.,Peer-reviewed global occurrence and habitat-suitability modelling,S051,2026-05-06,Global occurrence/modelling source,"The cited model distinguishes documented occurrences from predicted suitability. Country-level categories should therefore be interpreted as ecological evidence tiers, not direct entomological surveillance measurements."
Namibia,Sovereign state,Yes,Aedes,Aedes aegypti and/or Aedes albopictus,Limited / sporadic,"Categorical synthesis of occurrence and distribution evidence. Status denotes evidence of presence, limited/sporadic occurrence, absence, or uncertainty; it does not quantify mosquito abundance.",Peer-reviewed global occurrence/modelling; regional public-health distribution maps where applicable,S049; S050,2026-05-06,Global modelling,Vector presence indicates ecological compatibility with transmission but does not establish virus circulation. Global or regional sources may not provide a direct country-specific occurrence citation for every jurisdiction.
Namibia,Sovereign state,Yes,Culex,Culex tritaeniorhynchus complex,Absent,Categorical synthesis of documented occurrence and modelled habitat suitability for the principal JEV vector complex. Status does not quantify abundance or vector competence.,Peer-reviewed global occurrence and habitat-suitability modelling,S051,2026-05-06,Global occurrence/modelling source,"The cited model distinguishes documented occurrences from predicted suitability. Country-level categories should therefore be interpreted as ecological evidence tiers, not direct entomological surveillance measurements."
Nauru,Sovereign state,Yes,Aedes,Aedes aegypti and/or Aedes albopictus,Present,"Categorical synthesis of occurrence and distribution evidence. Status denotes evidence of presence, limited/sporadic occurrence, absence, or uncertainty; it does not quantify mosquito abundance.",Peer-reviewed global occurrence/modelling; regional public-health distribution maps where applicable,S049; S050,2026-05-06,Global modelling,Vector presence indicates ecological compatibility with transmission but does not establish virus circulation. Global or regional sources may not provide a direct country-specific occurrence citation for every jurisdiction.
Nauru,Sovereign state,Yes,Culex,Culex tritaeniorhynchus complex,Limited / uncertain,Categorical synthesis of documented occurrence and modelled habitat suitability for the principal JEV vector complex. Status does not quantify abundance or vector competence.,Peer-reviewed global occurrence and habitat-suitability modelling,S051,2026-05-06,Global occurrence/modelling source,"The cited model distinguishes documented occurrences from predicted suitability. Country-level categories should therefore be interpreted as ecological evidence tiers, not direct entomological surveillance measurements."
Nepal,Sovereign state,Yes,Aedes,Aedes aegypti and/or Aedes albopictus,Present,"Categorical synthesis of occurrence and distribution evidence. Status denotes evidence of presence, limited/sporadic occurrence, absence, or uncertainty; it does not quantify mosquito abundance.",Peer-reviewed global occurrence/modelling; regional public-health distribution maps where applicable,S049; S050,2026-05-06,Global modelling,Vector presence indicates ecological compatibility with transmission but does not establish virus circulation. Global or regional sources may not provide a direct country-specific occurrence citation for every jurisdiction.
Nepal,Sovereign state,Yes,Culex,Culex tritaeniorhynchus complex,Present,Categorical synthesis of documented occurrence and modelled habitat suitability for the principal JEV vector complex. Status does not quantify abundance or vector competence.,Peer-reviewed global occurrence and habitat-suitability modelling,S051,2026-05-06,Global occurrence/modelling source,"The cited model distinguishes documented occurrences from predicted suitability. Country-level categories should therefore be interpreted as ecological evidence tiers, not direct entomological surveillance measurements."
Netherlands,Sovereign state,Yes,Aedes,Aedes aegypti and/or Aedes albopictus,Limited / sporadic,"Categorical synthesis of occurrence and distribution evidence. Status denotes evidence of presence, limited/sporadic occurrence, absence, or uncertainty; it does not quantify mosquito abundance.",Peer-reviewed global occurrence/modelling; regional public-health distribution maps where applicable,S049; S050; S023; S024,2026-05-06,Global modelling plus ECDC regional distribution maps,Vector presence indicates ecological compatibility with transmission but does not establish virus circulation. Global or regional sources may not provide a direct country-specific occurrence citation for every jurisdiction.
Netherlands,Sovereign state,Yes,Culex,Culex tritaeniorhynchus complex,Absent,Categorical synthesis of documented occurrence and modelled habitat suitability for the principal JEV vector complex. Status does not quantify abundance or vector competence.,Peer-reviewed global occurrence and habitat-suitability modelling,S051,2026-05-06,Global occurrence/modelling source,"The cited model distinguishes documented occurrences from predicted suitability. Country-level categories should therefore be interpreted as ecological evidence tiers, not direct entomological surveillance measurements."
New Caledonia,Territory/dependency or other jurisdiction,No,Aedes,Aedes aegypti and/or Aedes albopictus,Present,"Categorical synthesis of occurrence and distribution evidence. Status denotes evidence of presence, limited/sporadic occurrence, absence, or uncertainty; it does not quantify mosquito abundance.",Peer-reviewed global occurrence/modelling; regional public-health distribution maps where applicable,S049; S050,2026-05-06,Global modelling,Vector presence indicates ecological compatibility with transmission but does not establish virus circulation. Global or regional sources may not provide a direct country-specific occurrence citation for every jurisdiction.
New Caledonia,Territory/dependency or other jurisdiction,No,Culex,Culex tritaeniorhynchus complex,Absent,Categorical synthesis of documented occurrence and modelled habitat suitability for the principal JEV vector complex. Status does not quantify abundance or vector competence.,Peer-reviewed global occurrence and habitat-suitability modelling,S051,2026-05-06,Global occurrence/modelling source,"The cited model distinguishes documented occurrences from predicted suitability. Country-level categories should therefore be interpreted as ecological evidence tiers, not direct entomological surveillance measurements."
New Zealand,Sovereign state,Yes,Aedes,Aedes aegypti and/or Aedes albopictus,Absent,"Categorical synthesis of occurrence and distribution evidence. Status denotes evidence of presence, limited/sporadic occurrence, absence, or uncertainty; it does not quantify mosquito abundance.",Peer-reviewed global occurrence/modelling; regional public-health distribution maps where applicable,S049; S050,2026-05-06,Global modelling,Vector presence indicates ecological compatibility with transmission but does not establish virus circulation. Global or regional sources may not provide a direct country-specific occurrence citation for every jurisdiction.
New Zealand,Sovereign state,Yes,Culex,Culex tritaeniorhynchus complex,Absent,Categorical synthesis of documented occurrence and modelled habitat suitability for the principal JEV vector complex. Status does not quantify abundance or vector competence.,Peer-reviewed global occurrence and habitat-suitability modelling,S051,2026-05-06,Global occurrence/modelling source,"The cited model distinguishes documented occurrences from predicted suitability. Country-level categories should therefore be interpreted as ecological evidence tiers, not direct entomological surveillance measurements."
Nicaragua,Sovereign state,Yes,Aedes,Aedes aegypti and/or Aedes albopictus,Present,"Categorical synthesis of occurrence and distribution evidence. Status denotes evidence of presence, limited/sporadic occurrence, absence, or uncertainty; it does not quantify mosquito abundance.",Peer-reviewed global occurrence/modelling; regional public-health distribution maps where applicable,S049; S050,2026-05-06,Global modelling,Vector presence indicates ecological compatibility with transmission but does not establish virus circulation. Global or regional sources may not provide a direct country-specific occurrence citation for every jurisdiction.
Nicaragua,Sovereign state,Yes,Culex,Culex tritaeniorhynchus complex,Absent,Categorical synthesis of documented occurrence and modelled habitat suitability for the principal JEV vector complex. Status does not quantify abundance or vector competence.,Peer-reviewed global occurrence and habitat-suitability modelling,S051,2026-05-06,Global occurrence/modelling source,"The cited model distinguishes documented occurrences from predicted suitability. Country-level categories should therefore be interpreted as ecological evidence tiers, not direct entomological surveillance measurements."
Niger,Sovereign state,Yes,Aedes,Aedes aegypti and/or Aedes albopictus,Present,"Categorical synthesis of occurrence and distribution evidence. Status denotes evidence of presence, limited/sporadic occurrence, absence, or uncertainty; it does not quantify mosquito abundance.",Peer-reviewed global occurrence/modelling; regional public-health distribution maps where applicable,S049; S050,2026-05-06,Global modelling,Vector presence indicates ecological compatibility with transmission but does not establish virus circulation. Global or regional sources may not provide a direct country-specific occurrence citation for every jurisdiction.
Niger,Sovereign state,Yes,Culex,Culex tritaeniorhynchus complex,Absent,Categorical synthesis of documented occurrence and modelled habitat suitability for the principal JEV vector complex. Status does not quantify abundance or vector competence.,Peer-reviewed global occurrence and habitat-suitability modelling,S051,2026-05-06,Global occurrence/modelling source,"The cited model distinguishes documented occurrences from predicted suitability. Country-level categories should therefore be interpreted as ecological evidence tiers, not direct entomological surveillance measurements."
Nigeria,Sovereign state,Yes,Aedes,Aedes aegypti and/or Aedes albopictus,Present,"Categorical synthesis of occurrence and distribution evidence. Status denotes evidence of presence, limited/sporadic occurrence, absence, or uncertainty; it does not quantify mosquito abundance.",Peer-reviewed global occurrence/modelling; regional public-health distribution maps where applicable,S049; S050,2026-05-06,Global modelling,Vector presence indicates ecological compatibility with transmission but does not establish virus circulation. Global or regional sources may not provide a direct country-specific occurrence citation for every jurisdiction.
Nigeria,Sovereign state,Yes,Culex,Culex tritaeniorhynchus complex,Absent,Categorical synthesis of documented occurrence and modelled habitat suitability for the principal JEV vector complex. Status does not quantify abundance or vector competence.,Peer-reviewed global occurrence and habitat-suitability modelling,S051,2026-05-06,Global occurrence/modelling source,"The cited model distinguishes documented occurrences from predicted suitability. Country-level categories should therefore be interpreted as ecological evidence tiers, not direct entomological surveillance measurements."
Niue,Territory/dependency or other jurisdiction,No,Aedes,Aedes aegypti and/or Aedes albopictus,Present,"Categorical synthesis of occurrence and distribution evidence. Status denotes evidence of presence, limited/sporadic occurrence, absence, or uncertainty; it does not quantify mosquito abundance.",Peer-reviewed global occurrence/modelling; regional public-health distribution maps where applicable,S049; S050,2026-05-06,Global modelling,Vector presence indicates ecological compatibility with transmission but does not establish virus circulation. Global or regional sources may not provide a direct country-specific occurrence citation for every jurisdiction.
Niue,Territory/dependency or other jurisdiction,No,Culex,Culex tritaeniorhynchus complex,Absent,Categorical synthesis of documented occurrence and modelled habitat suitability for the principal JEV vector complex. Status does not quantify abundance or vector competence.,Peer-reviewed global occurrence and habitat-suitability modelling,S051,2026-05-06,Global occurrence/modelling source,"The cited model distinguishes documented occurrences from predicted suitability. Country-level categories should therefore be interpreted as ecological evidence tiers, not direct entomological surveillance measurements."
Norfolk Island,Territory/dependency or other jurisdiction,No,Aedes,Aedes aegypti and/or Aedes albopictus,Limited / sporadic,"Categorical synthesis of occurrence and distribution evidence. Status denotes evidence of presence, limited/sporadic occurrence, absence, or uncertainty; it does not quantify mosquito abundance.",Peer-reviewed global occurrence/modelling; regional public-health distribution maps where applicable,S049; S050,2026-05-06,Global modelling,Vector presence indicates ecological compatibility with transmission but does not establish virus circulation. Global or regional sources may not provide a direct country-specific occurrence citation for every jurisdiction.
Norfolk Island,Territory/dependency or other jurisdiction,No,Culex,Culex tritaeniorhynchus complex,Absent,Categorical synthesis of documented occurrence and modelled habitat suitability for the principal JEV vector complex. Status does not quantify abundance or vector competence.,Peer-reviewed global occurrence and habitat-suitability modelling,S051,2026-05-06,Global occurrence/modelling source,"The cited model distinguishes documented occurrences from predicted suitability. Country-level categories should therefore be interpreted as ecological evidence tiers, not direct entomological surveillance measurements."
North Macedonia,Sovereign state,Yes,Aedes,Aedes aegypti and/or Aedes albopictus,Limited / sporadic,"Categorical synthesis of occurrence and distribution evidence. Status denotes evidence of presence, limited/sporadic occurrence, absence, or uncertainty; it does not quantify mosquito abundance.",Peer-reviewed global occurrence/modelling; regional public-health distribution maps where applicable,S049; S050; S023; S024,2026-05-06,Global modelling plus ECDC regional distribution maps,Vector presence indicates ecological compatibility with transmission but does not establish virus circulation. Global or regional sources may not provide a direct country-specific occurrence citation for every jurisdiction.
North Macedonia,Sovereign state,Yes,Culex,Culex tritaeniorhynchus complex,Absent,Categorical synthesis of documented occurrence and modelled habitat suitability for the principal JEV vector complex. Status does not quantify abundance or vector competence.,Peer-reviewed global occurrence and habitat-suitability modelling,S051,2026-05-06,Global occurrence/modelling source,"The cited model distinguishes documented occurrences from predicted suitability. Country-level categories should therefore be interpreted as ecological evidence tiers, not direct entomological surveillance measurements."
Northern Mariana Islands,Territory/dependency or other jurisdiction,No,Aedes,Aedes aegypti and/or Aedes albopictus,Limited / sporadic,"Categorical synthesis of occurrence and distribution evidence. Status denotes evidence of presence, limited/sporadic occurrence, absence, or uncertainty; it does not quantify mosquito abundance.",Peer-reviewed global occurrence/modelling; regional public-health distribution maps where applicable,S049; S050; S020,2026-05-06,Global modelling plus CDC potential-range context,Vector presence indicates ecological compatibility with transmission but does not establish virus circulation. Global or regional sources may not provide a direct country-specific occurrence citation for every jurisdiction.
Northern Mariana Islands,Territory/dependency or other jurisdiction,No,Culex,Culex tritaeniorhynchus complex,Absent,Categorical synthesis of documented occurrence and modelled habitat suitability for the principal JEV vector complex. Status does not quantify abundance or vector competence.,Peer-reviewed global occurrence and habitat-suitability modelling,S051,2026-05-06,Global occurrence/modelling source,"The cited model distinguishes documented occurrences from predicted suitability. Country-level categories should therefore be interpreted as ecological evidence tiers, not direct entomological surveillance measurements."
Norway,Sovereign state,Yes,Aedes,Aedes aegypti and/or Aedes albopictus,Absent,"Categorical synthesis of occurrence and distribution evidence. Status denotes evidence of presence, limited/sporadic occurrence, absence, or uncertainty; it does not quantify mosquito abundance.",Peer-reviewed global occurrence/modelling; regional public-health distribution maps where applicable,S049; S050; S023; S024,2026-05-06,Global modelling plus ECDC regional distribution maps,Vector presence indicates ecological compatibility with transmission but does not establish virus circulation. Global or regional sources may not provide a direct country-specific occurrence citation for every jurisdiction.
Norway,Sovereign state,Yes,Culex,Culex tritaeniorhynchus complex,Absent,Categorical synthesis of documented occurrence and modelled habitat suitability for the principal JEV vector complex. Status does not quantify abundance or vector competence.,Peer-reviewed global occurrence and habitat-suitability modelling,S051,2026-05-06,Global occurrence/modelling source,"The cited model distinguishes documented occurrences from predicted suitability. Country-level categories should therefore be interpreted as ecological evidence tiers, not direct entomological surveillance measurements."
Oman,Sovereign state,Yes,Aedes,Aedes aegypti and/or Aedes albopictus,Present,"Categorical synthesis of occurrence and distribution evidence. Status denotes evidence of presence, limited/sporadic occurrence, absence, or uncertainty; it does not quantify mosquito abundance.",Peer-reviewed global occurrence/modelling; regional public-health distribution maps where applicable,S049; S050,2026-05-06,Global modelling,Vector presence indicates ecological compatibility with transmission but does not establish virus circulation. Global or regional sources may not provide a direct country-specific occurrence citation for every jurisdiction.
Oman,Sovereign state,Yes,Culex,Culex tritaeniorhynchus complex,Absent,Categorical synthesis of documented occurrence and modelled habitat suitability for the principal JEV vector complex. Status does not quantify abundance or vector competence.,Peer-reviewed global occurrence and habitat-suitability modelling,S051,2026-05-06,Global occurrence/modelling source,"The cited model distinguishes documented occurrences from predicted suitability. Country-level categories should therefore be interpreted as ecological evidence tiers, not direct entomological surveillance measurements."
Pakistan,Sovereign state,Yes,Aedes,Aedes aegypti and/or Aedes albopictus,Present,"Categorical synthesis of occurrence and distribution evidence. Status denotes evidence of presence, limited/sporadic occurrence, absence, or uncertainty; it does not quantify mosquito abundance.",Peer-reviewed global occurrence/modelling; regional public-health distribution maps where applicable,S049; S050,2026-05-06,Global modelling,Vector presence indicates ecological compatibility with transmission but does not establish virus circulation. Global or regional sources may not provide a direct country-specific occurrence citation for every jurisdiction.
Pakistan,Sovereign state,Yes,Culex,Culex tritaeniorhynchus complex,Present,Categorical synthesis of documented occurrence and modelled habitat suitability for the principal JEV vector complex. Status does not quantify abundance or vector competence.,Peer-reviewed global occurrence and habitat-suitability modelling,S051,2026-05-06,Global occurrence/modelling source,"The cited model distinguishes documented occurrences from predicted suitability. Country-level categories should therefore be interpreted as ecological evidence tiers, not direct entomological surveillance measurements."
Palau,Sovereign state,Yes,Aedes,Aedes aegypti and/or Aedes albopictus,Present,"Categorical synthesis of occurrence and distribution evidence. Status denotes evidence of presence, limited/sporadic occurrence, absence, or uncertainty; it does not quantify mosquito abundance.",Peer-reviewed global occurrence/modelling; regional public-health distribution maps where applicable,S049; S050,2026-05-06,Global modelling,Vector presence indicates ecological compatibility with transmission but does not establish virus circulation. Global or regional sources may not provide a direct country-specific occurrence citation for every jurisdiction.
Palau,Sovereign state,Yes,Culex,Culex tritaeniorhynchus complex,Limited / uncertain,Categorical synthesis of documented occurrence and modelled habitat suitability for the principal JEV vector complex. Status does not quantify abundance or vector competence.,Peer-reviewed global occurrence and habitat-suitability modelling,S051,2026-05-06,Global occurrence/modelling source,"The cited model distinguishes documented occurrences from predicted suitability. Country-level categories should therefore be interpreted as ecological evidence tiers, not direct entomological surveillance measurements."
"Palestine, State of",Sovereign state,Yes,Aedes,Aedes aegypti and/or Aedes albopictus,Limited / sporadic,"Categorical synthesis of occurrence and distribution evidence. Status denotes evidence of presence, limited/sporadic occurrence, absence, or uncertainty; it does not quantify mosquito abundance.",Peer-reviewed global occurrence/modelling; regional public-health distribution maps where applicable,S049; S050,2026-05-06,Global modelling,Vector presence indicates ecological compatibility with transmission but does not establish virus circulation. Global or regional sources may not provide a direct country-specific occurrence citation for every jurisdiction.
"Palestine, State of",Sovereign state,Yes,Culex,Culex tritaeniorhynchus complex,Absent,Categorical synthesis of documented occurrence and modelled habitat suitability for the principal JEV vector complex. Status does not quantify abundance or vector competence.,Peer-reviewed global occurrence and habitat-suitability modelling,S051,2026-05-06,Global occurrence/modelling source,"The cited model distinguishes documented occurrences from predicted suitability. Country-level categories should therefore be interpreted as ecological evidence tiers, not direct entomological surveillance measurements."
Panama,Sovereign state,Yes,Aedes,Aedes aegypti and/or Aedes albopictus,Present,"Categorical synthesis of occurrence and distribution evidence. Status denotes evidence of presence, limited/sporadic occurrence, absence, or uncertainty; it does not quantify mosquito abundance.",Peer-reviewed global occurrence/modelling; regional public-health distribution maps where applicable,S049; S050,2026-05-06,Global modelling,Vector presence indicates ecological compatibility with transmission but does not establish virus circulation. Global or regional sources may not provide a direct country-specific occurrence citation for every jurisdiction.
Panama,Sovereign state,Yes,Culex,Culex tritaeniorhynchus complex,Absent,Categorical synthesis of documented occurrence and modelled habitat suitability for the principal JEV vector complex. Status does not quantify abundance or vector competence.,Peer-reviewed global occurrence and habitat-suitability modelling,S051,2026-05-06,Global occurrence/modelling source,"The cited model distinguishes documented occurrences from predicted suitability. Country-level categories should therefore be interpreted as ecological evidence tiers, not direct entomological surveillance measurements."
Papua New Guinea,Sovereign state,Yes,Aedes,Aedes aegypti and/or Aedes albopictus,Present,"Categorical synthesis of occurrence and distribution evidence. Status denotes evidence of presence, limited/sporadic occurrence, absence, or uncertainty; it does not quantify mosquito abundance.",Peer-reviewed global occurrence/modelling; regional public-health distribution maps where applicable,S049; S050,2026-05-06,Global modelling,Vector presence indicates ecological compatibility with transmission but does not establish virus circulation. Global or regional sources may not provide a direct country-specific occurrence citation for every jurisdiction.
Papua New Guinea,Sovereign state,Yes,Culex,Culex tritaeniorhynchus complex,Present,Categorical synthesis of documented occurrence and modelled habitat suitability for the principal JEV vector complex. Status does not quantify abundance or vector competence.,Peer-reviewed global occurrence and habitat-suitability modelling,S051,2026-05-06,Global occurrence/modelling source,"The cited model distinguishes documented occurrences from predicted suitability. Country-level categories should therefore be interpreted as ecological evidence tiers, not direct entomological surveillance measurements."
Paraguay,Sovereign state,Yes,Aedes,Aedes aegypti and/or Aedes albopictus,Present,"Categorical synthesis of occurrence and distribution evidence. Status denotes evidence of presence, limited/sporadic occurrence, absence, or uncertainty; it does not quantify mosquito abundance.",Peer-reviewed global occurrence/modelling; regional public-health distribution maps where applicable,S049; S050,2026-05-06,Global modelling,Vector presence indicates ecological compatibility with transmission but does not establish virus circulation. Global or regional sources may not provide a direct country-specific occurrence citation for every jurisdiction.
Paraguay,Sovereign state,Yes,Culex,Culex tritaeniorhynchus complex,Absent,Categorical synthesis of documented occurrence and modelled habitat suitability for the principal JEV vector complex. Status does not quantify abundance or vector competence.,Peer-reviewed global occurrence and habitat-suitability modelling,S051,2026-05-06,Global occurrence/modelling source,"The cited model distinguishes documented occurrences from predicted suitability. Country-level categories should therefore be interpreted as ecological evidence tiers, not direct entomological surveillance measurements."
Peru,Sovereign state,Yes,Aedes,Aedes aegypti and/or Aedes albopictus,Present,"Categorical synthesis of occurrence and distribution evidence. Status denotes evidence of presence, limited/sporadic occurrence, absence, or uncertainty; it does not quantify mosquito abundance.",Peer-reviewed global occurrence/modelling; regional public-health distribution maps where applicable,S049; S050,2026-05-06,Global modelling,Vector presence indicates ecological compatibility with transmission but does not establish virus circulation. Global or regional sources may not provide a direct country-specific occurrence citation for every jurisdiction.
Peru,Sovereign state,Yes,Culex,Culex tritaeniorhynchus complex,Absent,Categorical synthesis of documented occurrence and modelled habitat suitability for the principal JEV vector complex. Status does not quantify abundance or vector competence.,Peer-reviewed global occurrence and habitat-suitability modelling,S051,2026-05-06,Global occurrence/modelling source,"The cited model distinguishes documented occurrences from predicted suitability. Country-level categories should therefore be interpreted as ecological evidence tiers, not direct entomological surveillance measurements."
Philippines,Sovereign state,Yes,Aedes,Aedes aegypti and/or Aedes albopictus,Present,"Categorical synthesis of occurrence and distribution evidence. Status denotes evidence of presence, limited/sporadic occurrence, absence, or uncertainty; it does not quantify mosquito abundance.",Peer-reviewed global occurrence/modelling; regional public-health distribution maps where applicable,S049; S050,2026-05-06,Global modelling,Vector presence indicates ecological compatibility with transmission but does not establish virus circulation. Global or regional sources may not provide a direct country-specific occurrence citation for every jurisdiction.
Philippines,Sovereign state,Yes,Culex,Culex tritaeniorhynchus complex,Present,Categorical synthesis of documented occurrence and modelled habitat suitability for the principal JEV vector complex. Status does not quantify abundance or vector competence.,Peer-reviewed global occurrence and habitat-suitability modelling,S051,2026-05-06,Global occurrence/modelling source,"The cited model distinguishes documented occurrences from predicted suitability. Country-level categories should therefore be interpreted as ecological evidence tiers, not direct entomological surveillance measurements."
Pitcairn,Territory/dependency or other jurisdiction,No,Aedes,Aedes aegypti and/or Aedes albopictus,Limited / sporadic,"Categorical synthesis of occurrence and distribution evidence. Status denotes evidence of presence, limited/sporadic occurrence, absence, or uncertainty; it does not quantify mosquito abundance.",Peer-reviewed global occurrence/modelling; regional public-health distribution maps where applicable,S049; S050,2026-05-06,Global modelling,Vector presence indicates ecological compatibility with transmission but does not establish virus circulation. Global or regional sources may not provide a direct country-specific occurrence citation for every jurisdiction.
Pitcairn,Territory/dependency or other jurisdiction,No,Culex,Culex tritaeniorhynchus complex,Absent,Categorical synthesis of documented occurrence and modelled habitat suitability for the principal JEV vector complex. Status does not quantify abundance or vector competence.,Peer-reviewed global occurrence and habitat-suitability modelling,S051,2026-05-06,Global occurrence/modelling source,"The cited model distinguishes documented occurrences from predicted suitability. Country-level categories should therefore be interpreted as ecological evidence tiers, not direct entomological surveillance measurements."
Poland,Sovereign state,Yes,Aedes,Aedes aegypti and/or Aedes albopictus,Limited / sporadic,"Categorical synthesis of occurrence and distribution evidence. Status denotes evidence of presence, limited/sporadic occurrence, absence, or uncertainty; it does not quantify mosquito abundance.",Peer-reviewed global occurrence/modelling; regional public-health distribution maps where applicable,S049; S050; S023; S024,2026-05-06,Global modelling plus ECDC regional distribution maps,Vector presence indicates ecological compatibility with transmission but does not establish virus circulation. Global or regional sources may not provide a direct country-specific occurrence citation for every jurisdiction.
Poland,Sovereign state,Yes,Culex,Culex tritaeniorhynchus complex,Absent,Categorical synthesis of documented occurrence and modelled habitat suitability for the principal JEV vector complex. Status does not quantify abundance or vector competence.,Peer-reviewed global occurrence and habitat-suitability modelling,S051,2026-05-06,Global occurrence/modelling source,"The cited model distinguishes documented occurrences from predicted suitability. Country-level categories should therefore be interpreted as ecological evidence tiers, not direct entomological surveillance measurements."
Portugal,Sovereign state,Yes,Aedes,Aedes aegypti and/or Aedes albopictus,Present,"Categorical synthesis of occurrence and distribution evidence. Status denotes evidence of presence, limited/sporadic occurrence, absence, or uncertainty; it does not quantify mosquito abundance.",Peer-reviewed global occurrence/modelling; regional public-health distribution maps where applicable,S049; S050; S023; S024,2026-05-06,Global modelling plus ECDC regional distribution maps,Vector presence indicates ecological compatibility with transmission but does not establish virus circulation. Global or regional sources may not provide a direct country-specific occurrence citation for every jurisdiction.
Portugal,Sovereign state,Yes,Culex,Culex tritaeniorhynchus complex,Absent,Categorical synthesis of documented occurrence and modelled habitat suitability for the principal JEV vector complex. Status does not quantify abundance or vector competence.,Peer-reviewed global occurrence and habitat-suitability modelling,S051,2026-05-06,Global occurrence/modelling source,"The cited model distinguishes documented occurrences from predicted suitability. Country-level categories should therefore be interpreted as ecological evidence tiers, not direct entomological surveillance measurements."
Puerto Rico,Territory/dependency or other jurisdiction,No,Aedes,Aedes aegypti and/or Aedes albopictus,Present,"Categorical synthesis of occurrence and distribution evidence. Status denotes evidence of presence, limited/sporadic occurrence, absence, or uncertainty; it does not quantify mosquito abundance.",Peer-reviewed global occurrence/modelling; regional public-health distribution maps where applicable,S049; S050; S020,2026-05-06,Global modelling plus CDC potential-range context,Vector presence indicates ecological compatibility with transmission but does not establish virus circulation. Global or regional sources may not provide a direct country-specific occurrence citation for every jurisdiction.
Puerto Rico,Territory/dependency or other jurisdiction,No,Culex,Culex tritaeniorhynchus complex,Absent,Categorical synthesis of documented occurrence and modelled habitat suitability for the principal JEV vector complex. Status does not quantify abundance or vector competence.,Peer-reviewed global occurrence and habitat-suitability modelling,S051,2026-05-06,Global occurrence/modelling source,"The cited model distinguishes documented occurrences from predicted suitability. Country-level categories should therefore be interpreted as ecological evidence tiers, not direct entomological surveillance measurements."
Qatar,Sovereign state,Yes,Aedes,Aedes aegypti and/or Aedes albopictus,Limited / sporadic,"Categorical synthesis of occurrence and distribution evidence. Status denotes evidence of presence, limited/sporadic occurrence, absence, or uncertainty; it does not quantify mosquito abundance.",Peer-reviewed global occurrence/modelling; regional public-health distribution maps where applicable,S049; S050,2026-05-06,Global modelling,Vector presence indicates ecological compatibility with transmission but does not establish virus circulation. Global or regional sources may not provide a direct country-specific occurrence citation for every jurisdiction.
Qatar,Sovereign state,Yes,Culex,Culex tritaeniorhynchus complex,Absent,Categorical synthesis of documented occurrence and modelled habitat suitability for the principal JEV vector complex. Status does not quantify abundance or vector competence.,Peer-reviewed global occurrence and habitat-suitability modelling,S051,2026-05-06,Global occurrence/modelling source,"The cited model distinguishes documented occurrences from predicted suitability. Country-level categories should therefore be interpreted as ecological evidence tiers, not direct entomological surveillance measurements."
Romania,Sovereign state,Yes,Aedes,Aedes aegypti and/or Aedes albopictus,Limited / sporadic,"Categorical synthesis of occurrence and distribution evidence. Status denotes evidence of presence, limited/sporadic occurrence, absence, or uncertainty; it does not quantify mosquito abundance.",Peer-reviewed global occurrence/modelling; regional public-health distribution maps where applicable,S049; S050; S023; S024,2026-05-06,Global modelling plus ECDC regional distribution maps,Vector presence indicates ecological compatibility with transmission but does not establish virus circulation. Global or regional sources may not provide a direct country-specific occurrence citation for every jurisdiction.
Romania,Sovereign state,Yes,Culex,Culex tritaeniorhynchus complex,Absent,Categorical synthesis of documented occurrence and modelled habitat suitability for the principal JEV vector complex. Status does not quantify abundance or vector competence.,Peer-reviewed global occurrence and habitat-suitability modelling,S051,2026-05-06,Global occurrence/modelling source,"The cited model distinguishes documented occurrences from predicted suitability. Country-level categories should therefore be interpreted as ecological evidence tiers, not direct entomological surveillance measurements."
Russian Federation,Sovereign state,Yes,Aedes,Aedes aegypti and/or Aedes albopictus,Limited / sporadic,"Categorical synthesis of occurrence and distribution evidence. Status denotes evidence of presence, limited/sporadic occurrence, absence, or uncertainty; it does not quantify mosquito abundance.",Peer-reviewed global occurrence/modelling; regional public-health distribution maps where applicable,S049; S050,2026-05-06,Global modelling,Vector presence indicates ecological compatibility with transmission but does not establish virus circulation. Global or regional sources may not provide a direct country-specific occurrence citation for every jurisdiction.
Russian Federation,Sovereign state,Yes,Culex,Culex tritaeniorhynchus complex,Present,Categorical synthesis of documented occurrence and modelled habitat suitability for the principal JEV vector complex. Status does not quantify abundance or vector competence.,Peer-reviewed global occurrence and habitat-suitability modelling,S051,2026-05-06,Global occurrence/modelling source,"The cited model distinguishes documented occurrences from predicted suitability. Country-level categories should therefore be interpreted as ecological evidence tiers, not direct entomological surveillance measurements."
Rwanda,Sovereign state,Yes,Aedes,Aedes aegypti and/or Aedes albopictus,Present,"Categorical synthesis of occurrence and distribution evidence. Status denotes evidence of presence, limited/sporadic occurrence, absence, or uncertainty; it does not quantify mosquito abundance.",Peer-reviewed global occurrence/modelling; regional public-health distribution maps where applicable,S049; S050,2026-05-06,Global modelling,Vector presence indicates ecological compatibility with transmission but does not establish virus circulation. Global or regional sources may not provide a direct country-specific occurrence citation for every jurisdiction.
Rwanda,Sovereign state,Yes,Culex,Culex tritaeniorhynchus complex,Absent,Categorical synthesis of documented occurrence and modelled habitat suitability for the principal JEV vector complex. Status does not quantify abundance or vector competence.,Peer-reviewed global occurrence and habitat-suitability modelling,S051,2026-05-06,Global occurrence/modelling source,"The cited model distinguishes documented occurrences from predicted suitability. Country-level categories should therefore be interpreted as ecological evidence tiers, not direct entomological surveillance measurements."
Réunion,Territory/dependency or other jurisdiction,No,Aedes,Aedes aegypti and/or Aedes albopictus,Present,"Categorical synthesis of occurrence and distribution evidence. Status denotes evidence of presence, limited/sporadic occurrence, absence, or uncertainty; it does not quantify mosquito abundance.",Peer-reviewed global occurrence/modelling; regional public-health distribution maps where applicable,S049; S050,2026-05-06,Global modelling,Vector presence indicates ecological compatibility with transmission but does not establish virus circulation. Global or regional sources may not provide a direct country-specific occurrence citation for every jurisdiction.
Réunion,Territory/dependency or other jurisdiction,No,Culex,Culex tritaeniorhynchus complex,Absent,Categorical synthesis of documented occurrence and modelled habitat suitability for the principal JEV vector complex. Status does not quantify abundance or vector competence.,Peer-reviewed global occurrence and habitat-suitability modelling,S051,2026-05-06,Global occurrence/modelling source,"The cited model distinguishes documented occurrences from predicted suitability. Country-level categories should therefore be interpreted as ecological evidence tiers, not direct entomological surveillance measurements."
Saint Barthélemy,Territory/dependency or other jurisdiction,No,Aedes,Aedes aegypti and/or Aedes albopictus,Present,"Categorical synthesis of occurrence and distribution evidence. Status denotes evidence of presence, limited/sporadic occurrence, absence, or uncertainty; it does not quantify mosquito abundance.",Peer-reviewed global occurrence/modelling; regional public-health distribution maps where applicable,S049; S050,2026-05-06,Global modelling,Vector presence indicates ecological compatibility with transmission but does not establish virus circulation. Global or regional sources may not provide a direct country-specific occurrence citation for every jurisdiction.
Saint Barthélemy,Territory/dependency or other jurisdiction,No,Culex,Culex tritaeniorhynchus complex,Absent,Categorical synthesis of documented occurrence and modelled habitat suitability for the principal JEV vector complex. Status does not quantify abundance or vector competence.,Peer-reviewed global occurrence and habitat-suitability modelling,S051,2026-05-06,Global occurrence/modelling source,"The cited model distinguishes documented occurrences from predicted suitability. Country-level categories should therefore be interpreted as ecological evidence tiers, not direct entomological surveillance measurements."
"Saint Helena, Ascension and Tristan da Cunha",Territory/dependency or other jurisdiction,No,Aedes,Aedes aegypti and/or Aedes albopictus,Limited / sporadic,"Categorical synthesis of occurrence and distribution evidence. Status denotes evidence of presence, limited/sporadic occurrence, absence, or uncertainty; it does not quantify mosquito abundance.",Peer-reviewed global occurrence/modelling; regional public-health distribution maps where applicable,S049; S050,2026-05-06,Global modelling,Vector presence indicates ecological compatibility with transmission but does not establish virus circulation. Global or regional sources may not provide a direct country-specific occurrence citation for every jurisdiction.
"Saint Helena, Ascension and Tristan da Cunha",Territory/dependency or other jurisdiction,No,Culex,Culex tritaeniorhynchus complex,Absent,Categorical synthesis of documented occurrence and modelled habitat suitability for the principal JEV vector complex. Status does not quantify abundance or vector competence.,Peer-reviewed global occurrence and habitat-suitability modelling,S051,2026-05-06,Global occurrence/modelling source,"The cited model distinguishes documented occurrences from predicted suitability. Country-level categories should therefore be interpreted as ecological evidence tiers, not direct entomological surveillance measurements."
Saint Kitts and Nevis,Sovereign state,Yes,Aedes,Aedes aegypti and/or Aedes albopictus,Present,"Categorical synthesis of occurrence and distribution evidence. Status denotes evidence of presence, limited/sporadic occurrence, absence, or uncertainty; it does not quantify mosquito abundance.",Peer-reviewed global occurrence/modelling; regional public-health distribution maps where applicable,S049; S050,2026-05-06,Global modelling,Vector presence indicates ecological compatibility with transmission but does not establish virus circulation. Global or regional sources may not provide a direct country-specific occurrence citation for every jurisdiction.
Saint Kitts and Nevis,Sovereign state,Yes,Culex,Culex tritaeniorhynchus complex,Absent,Categorical synthesis of documented occurrence and modelled habitat suitability for the principal JEV vector complex. Status does not quantify abundance or vector competence.,Peer-reviewed global occurrence and habitat-suitability modelling,S051,2026-05-06,Global occurrence/modelling source,"The cited model distinguishes documented occurrences from predicted suitability. Country-level categories should therefore be interpreted as ecological evidence tiers, not direct entomological surveillance measurements."
Saint Lucia,Sovereign state,Yes,Aedes,Aedes aegypti and/or Aedes albopictus,Present,"Categorical synthesis of occurrence and distribution evidence. Status denotes evidence of presence, limited/sporadic occurrence, absence, or uncertainty; it does not quantify mosquito abundance.",Peer-reviewed global occurrence/modelling; regional public-health distribution maps where applicable,S049; S050,2026-05-06,Global modelling,Vector presence indicates ecological compatibility with transmission but does not establish virus circulation. Global or regional sources may not provide a direct country-specific occurrence citation for every jurisdiction.
Saint Lucia,Sovereign state,Yes,Culex,Culex tritaeniorhynchus complex,Absent,Categorical synthesis of documented occurrence and modelled habitat suitability for the principal JEV vector complex. Status does not quantify abundance or vector competence.,Peer-reviewed global occurrence and habitat-suitability modelling,S051,2026-05-06,Global occurrence/modelling source,"The cited model distinguishes documented occurrences from predicted suitability. Country-level categories should therefore be interpreted as ecological evidence tiers, not direct entomological surveillance measurements."
Saint Martin (French part),Territory/dependency or other jurisdiction,No,Aedes,Aedes aegypti and/or Aedes albopictus,Present,"Categorical synthesis of occurrence and distribution evidence. Status denotes evidence of presence, limited/sporadic occurrence, absence, or uncertainty; it does not quantify mosquito abundance.",Peer-reviewed global occurrence/modelling; regional public-health distribution maps where applicable,S049; S050,2026-05-06,Global modelling,Vector presence indicates ecological compatibility with transmission but does not establish virus circulation. Global or regional sources may not provide a direct country-specific occurrence citation for every jurisdiction.
Saint Martin (French part),Territory/dependency or other jurisdiction,No,Culex,Culex tritaeniorhynchus complex,Absent,Categorical synthesis of documented occurrence and modelled habitat suitability for the principal JEV vector complex. Status does not quantify abundance or vector competence.,Peer-reviewed global occurrence and habitat-suitability modelling,S051,2026-05-06,Global occurrence/modelling source,"The cited model distinguishes documented occurrences from predicted suitability. Country-level categories should therefore be interpreted as ecological evidence tiers, not direct entomological surveillance measurements."
Saint Pierre and Miquelon,Territory/dependency or other jurisdiction,No,Aedes,Aedes aegypti and/or Aedes albopictus,Absent,"Categorical synthesis of occurrence and distribution evidence. Status denotes evidence of presence, limited/sporadic occurrence, absence, or uncertainty; it does not quantify mosquito abundance.",Peer-reviewed global occurrence/modelling; regional public-health distribution maps where applicable,S049; S050,2026-05-06,Global modelling,Vector presence indicates ecological compatibility with transmission but does not establish virus circulation. Global or regional sources may not provide a direct country-specific occurrence citation for every jurisdiction.
Saint Pierre and Miquelon,Territory/dependency or other jurisdiction,No,Culex,Culex tritaeniorhynchus complex,Absent,Categorical synthesis of documented occurrence and modelled habitat suitability for the principal JEV vector complex. Status does not quantify abundance or vector competence.,Peer-reviewed global occurrence and habitat-suitability modelling,S051,2026-05-06,Global occurrence/modelling source,"The cited model distinguishes documented occurrences from predicted suitability. Country-level categories should therefore be interpreted as ecological evidence tiers, not direct entomological surveillance measurements."
Saint Vincent and the Grenadines,Sovereign state,Yes,Aedes,Aedes aegypti and/or Aedes albopictus,Present,"Categorical synthesis of occurrence and distribution evidence. Status denotes evidence of presence, limited/sporadic occurrence, absence, or uncertainty; it does not quantify mosquito abundance.",Peer-reviewed global occurrence/modelling; regional public-health distribution maps where applicable,S049; S050,2026-05-06,Global modelling,Vector presence indicates ecological compatibility with transmission but does not establish virus circulation. Global or regional sources may not provide a direct country-specific occurrence citation for every jurisdiction.
Saint Vincent and the Grenadines,Sovereign state,Yes,Culex,Culex tritaeniorhynchus complex,Absent,Categorical synthesis of documented occurrence and modelled habitat suitability for the principal JEV vector complex. Status does not quantify abundance or vector competence.,Peer-reviewed global occurrence and habitat-suitability modelling,S051,2026-05-06,Global occurrence/modelling source,"The cited model distinguishes documented occurrences from predicted suitability. Country-level categories should therefore be interpreted as ecological evidence tiers, not direct entomological surveillance measurements."
Samoa,Sovereign state,Yes,Aedes,Aedes aegypti and/or Aedes albopictus,Present,"Categorical synthesis of occurrence and distribution evidence. Status denotes evidence of presence, limited/sporadic occurrence, absence, or uncertainty; it does not quantify mosquito abundance.",Peer-reviewed global occurrence/modelling; regional public-health distribution maps where applicable,S049; S050,2026-05-06,Global modelling,Vector presence indicates ecological compatibility with transmission but does not establish virus circulation. Global or regional sources may not provide a direct country-specific occurrence citation for every jurisdiction.
Samoa,Sovereign state,Yes,Culex,Culex tritaeniorhynchus complex,Limited / uncertain,Categorical synthesis of documented occurrence and modelled habitat suitability for the principal JEV vector complex. Status does not quantify abundance or vector competence.,Peer-reviewed global occurrence and habitat-suitability modelling,S051,2026-05-06,Global occurrence/modelling source,"The cited model distinguishes documented occurrences from predicted suitability. Country-level categories should therefore be interpreted as ecological evidence tiers, not direct entomological surveillance measurements."
San Marino,Sovereign state,Yes,Aedes,Aedes aegypti and/or Aedes albopictus,Limited / sporadic,"Categorical synthesis of occurrence and distribution evidence. Status denotes evidence of presence, limited/sporadic occurrence, absence, or uncertainty; it does not quantify mosquito abundance.",Peer-reviewed global occurrence/modelling; regional public-health distribution maps where applicable,S049; S050; S023; S024,2026-05-06,Global modelling plus ECDC regional distribution maps,Vector presence indicates ecological compatibility with transmission but does not establish virus circulation. Global or regional sources may not provide a direct country-specific occurrence citation for every jurisdiction.
San Marino,Sovereign state,Yes,Culex,Culex tritaeniorhynchus complex,Absent,Categorical synthesis of documented occurrence and modelled habitat suitability for the principal JEV vector complex. Status does not quantify abundance or vector competence.,Peer-reviewed global occurrence and habitat-suitability modelling,S051,2026-05-06,Global occurrence/modelling source,"The cited model distinguishes documented occurrences from predicted suitability. Country-level categories should therefore be interpreted as ecological evidence tiers, not direct entomological surveillance measurements."
Sao Tome and Principe,Sovereign state,Yes,Aedes,Aedes aegypti and/or Aedes albopictus,Present,"Categorical synthesis of occurrence and distribution evidence. Status denotes evidence of presence, limited/sporadic occurrence, absence, or uncertainty; it does not quantify mosquito abundance.",Peer-reviewed global occurrence/modelling; regional public-health distribution maps where applicable,S049; S050,2026-05-06,Global modelling,Vector presence indicates ecological compatibility with transmission but does not establish virus circulation. Global or regional sources may not provide a direct country-specific occurrence citation for every jurisdiction.
Sao Tome and Principe,Sovereign state,Yes,Culex,Culex tritaeniorhynchus complex,Absent,Categorical synthesis of documented occurrence and modelled habitat suitability for the principal JEV vector complex. Status does not quantify abundance or vector competence.,Peer-reviewed global occurrence and habitat-suitability modelling,S051,2026-05-06,Global occurrence/modelling source,"The cited model distinguishes documented occurrences from predicted suitability. Country-level categories should therefore be interpreted as ecological evidence tiers, not direct entomological surveillance measurements."
Saudi Arabia,Sovereign state,Yes,Aedes,Aedes aegypti and/or Aedes albopictus,Present,"Categorical synthesis of occurrence and distribution evidence. Status denotes evidence of presence, limited/sporadic occurrence, absence, or uncertainty; it does not quantify mosquito abundance.",Peer-reviewed global occurrence/modelling; regional public-health distribution maps where applicable,S049; S050,2026-05-06,Global modelling,Vector presence indicates ecological compatibility with transmission but does not establish virus circulation. Global or regional sources may not provide a direct country-specific occurrence citation for every jurisdiction.
Saudi Arabia,Sovereign state,Yes,Culex,Culex tritaeniorhynchus complex,Absent,Categorical synthesis of documented occurrence and modelled habitat suitability for the principal JEV vector complex. Status does not quantify abundance or vector competence.,Peer-reviewed global occurrence and habitat-suitability modelling,S051,2026-05-06,Global occurrence/modelling source,"The cited model distinguishes documented occurrences from predicted suitability. Country-level categories should therefore be interpreted as ecological evidence tiers, not direct entomological surveillance measurements."
Senegal,Sovereign state,Yes,Aedes,Aedes aegypti and/or Aedes albopictus,Present,"Categorical synthesis of occurrence and distribution evidence. Status denotes evidence of presence, limited/sporadic occurrence, absence, or uncertainty; it does not quantify mosquito abundance.",Peer-reviewed global occurrence/modelling; regional public-health distribution maps where applicable,S049; S050,2026-05-06,Global modelling,Vector presence indicates ecological compatibility with transmission but does not establish virus circulation. Global or regional sources may not provide a direct country-specific occurrence citation for every jurisdiction.
Senegal,Sovereign state,Yes,Culex,Culex tritaeniorhynchus complex,Absent,Categorical synthesis of documented occurrence and modelled habitat suitability for the principal JEV vector complex. Status does not quantify abundance or vector competence.,Peer-reviewed global occurrence and habitat-suitability modelling,S051,2026-05-06,Global occurrence/modelling source,"The cited model distinguishes documented occurrences from predicted suitability. Country-level categories should therefore be interpreted as ecological evidence tiers, not direct entomological surveillance measurements."
Serbia,Sovereign state,Yes,Aedes,Aedes aegypti and/or Aedes albopictus,Limited / sporadic,"Categorical synthesis of occurrence and distribution evidence. Status denotes evidence of presence, limited/sporadic occurrence, absence, or uncertainty; it does not quantify mosquito abundance.",Peer-reviewed global occurrence/modelling; regional public-health distribution maps where applicable,S049; S050; S023; S024,2026-05-06,Global modelling plus ECDC regional distribution maps,Vector presence indicates ecological compatibility with transmission but does not establish virus circulation. Global or regional sources may not provide a direct country-specific occurrence citation for every jurisdiction.
Serbia,Sovereign state,Yes,Culex,Culex tritaeniorhynchus complex,Absent,Categorical synthesis of documented occurrence and modelled habitat suitability for the principal JEV vector complex. Status does not quantify abundance or vector competence.,Peer-reviewed global occurrence and habitat-suitability modelling,S051,2026-05-06,Global occurrence/modelling source,"The cited model distinguishes documented occurrences from predicted suitability. Country-level categories should therefore be interpreted as ecological evidence tiers, not direct entomological surveillance measurements."
Seychelles,Sovereign state,Yes,Aedes,Aedes aegypti and/or Aedes albopictus,Present,"Categorical synthesis of occurrence and distribution evidence. Status denotes evidence of presence, limited/sporadic occurrence, absence, or uncertainty; it does not quantify mosquito abundance.",Peer-reviewed global occurrence/modelling; regional public-health distribution maps where applicable,S049; S050,2026-05-06,Global modelling,Vector presence indicates ecological compatibility with transmission but does not establish virus circulation. Global or regional sources may not provide a direct country-specific occurrence citation for every jurisdiction.
Seychelles,Sovereign state,Yes,Culex,Culex tritaeniorhynchus complex,Absent,Categorical synthesis of documented occurrence and modelled habitat suitability for the principal JEV vector complex. Status does not quantify abundance or vector competence.,Peer-reviewed global occurrence and habitat-suitability modelling,S051,2026-05-06,Global occurrence/modelling source,"The cited model distinguishes documented occurrences from predicted suitability. Country-level categories should therefore be interpreted as ecological evidence tiers, not direct entomological surveillance measurements."
Sierra Leone,Sovereign state,Yes,Aedes,Aedes aegypti and/or Aedes albopictus,Present,"Categorical synthesis of occurrence and distribution evidence. Status denotes evidence of presence, limited/sporadic occurrence, absence, or uncertainty; it does not quantify mosquito abundance.",Peer-reviewed global occurrence/modelling; regional public-health distribution maps where applicable,S049; S050,2026-05-06,Global modelling,Vector presence indicates ecological compatibility with transmission but does not establish virus circulation. Global or regional sources may not provide a direct country-specific occurrence citation for every jurisdiction.
Sierra Leone,Sovereign state,Yes,Culex,Culex tritaeniorhynchus complex,Absent,Categorical synthesis of documented occurrence and modelled habitat suitability for the principal JEV vector complex. Status does not quantify abundance or vector competence.,Peer-reviewed global occurrence and habitat-suitability modelling,S051,2026-05-06,Global occurrence/modelling source,"The cited model distinguishes documented occurrences from predicted suitability. Country-level categories should therefore be interpreted as ecological evidence tiers, not direct entomological surveillance measurements."
Singapore,Sovereign state,Yes,Aedes,Aedes aegypti and/or Aedes albopictus,Present,"Categorical synthesis of occurrence and distribution evidence. Status denotes evidence of presence, limited/sporadic occurrence, absence, or uncertainty; it does not quantify mosquito abundance.",Peer-reviewed global occurrence/modelling; regional public-health distribution maps where applicable,S049; S050,2026-05-06,Global modelling,Vector presence indicates ecological compatibility with transmission but does not establish virus circulation. Global or regional sources may not provide a direct country-specific occurrence citation for every jurisdiction.
Singapore,Sovereign state,Yes,Culex,Culex tritaeniorhynchus complex,Present,Categorical synthesis of documented occurrence and modelled habitat suitability for the principal JEV vector complex. Status does not quantify abundance or vector competence.,Peer-reviewed global occurrence and habitat-suitability modelling,S051,2026-05-06,Global occurrence/modelling source,"The cited model distinguishes documented occurrences from predicted suitability. Country-level categories should therefore be interpreted as ecological evidence tiers, not direct entomological surveillance measurements."
Sint Maarten (Dutch part),Territory/dependency or other jurisdiction,No,Aedes,Aedes aegypti and/or Aedes albopictus,Present,"Categorical synthesis of occurrence and distribution evidence. Status denotes evidence of presence, limited/sporadic occurrence, absence, or uncertainty; it does not quantify mosquito abundance.",Peer-reviewed global occurrence/modelling; regional public-health distribution maps where applicable,S049; S050,2026-05-06,Global modelling,Vector presence indicates ecological compatibility with transmission but does not establish virus circulation. Global or regional sources may not provide a direct country-specific occurrence citation for every jurisdiction.
Sint Maarten (Dutch part),Territory/dependency or other jurisdiction,No,Culex,Culex tritaeniorhynchus complex,Absent,Categorical synthesis of documented occurrence and modelled habitat suitability for the principal JEV vector complex. Status does not quantify abundance or vector competence.,Peer-reviewed global occurrence and habitat-suitability modelling,S051,2026-05-06,Global occurrence/modelling source,"The cited model distinguishes documented occurrences from predicted suitability. Country-level categories should therefore be interpreted as ecological evidence tiers, not direct entomological surveillance measurements."
Slovakia,Sovereign state,Yes,Aedes,Aedes aegypti and/or Aedes albopictus,Limited / sporadic,"Categorical synthesis of occurrence and distribution evidence. Status denotes evidence of presence, limited/sporadic occurrence, absence, or uncertainty; it does not quantify mosquito abundance.",Peer-reviewed global occurrence/modelling; regional public-health distribution maps where applicable,S049; S050; S023; S024,2026-05-06,Global modelling plus ECDC regional distribution maps,Vector presence indicates ecological compatibility with transmission but does not establish virus circulation. Global or regional sources may not provide a direct country-specific occurrence citation for every jurisdiction.
Slovakia,Sovereign state,Yes,Culex,Culex tritaeniorhynchus complex,Absent,Categorical synthesis of documented occurrence and modelled habitat suitability for the principal JEV vector complex. Status does not quantify abundance or vector competence.,Peer-reviewed global occurrence and habitat-suitability modelling,S051,2026-05-06,Global occurrence/modelling source,"The cited model distinguishes documented occurrences from predicted suitability. Country-level categories should therefore be interpreted as ecological evidence tiers, not direct entomological surveillance measurements."
Slovenia,Sovereign state,Yes,Aedes,Aedes aegypti and/or Aedes albopictus,Present,"Categorical synthesis of occurrence and distribution evidence. Status denotes evidence of presence, limited/sporadic occurrence, absence, or uncertainty; it does not quantify mosquito abundance.",Peer-reviewed global occurrence/modelling; regional public-health distribution maps where applicable,S049; S050; S023; S024,2026-05-06,Global modelling plus ECDC regional distribution maps,Vector presence indicates ecological compatibility with transmission but does not establish virus circulation. Global or regional sources may not provide a direct country-specific occurrence citation for every jurisdiction.
Slovenia,Sovereign state,Yes,Culex,Culex tritaeniorhynchus complex,Absent,Categorical synthesis of documented occurrence and modelled habitat suitability for the principal JEV vector complex. Status does not quantify abundance or vector competence.,Peer-reviewed global occurrence and habitat-suitability modelling,S051,2026-05-06,Global occurrence/modelling source,"The cited model distinguishes documented occurrences from predicted suitability. Country-level categories should therefore be interpreted as ecological evidence tiers, not direct entomological surveillance measurements."
Solomon Islands,Sovereign state,Yes,Aedes,Aedes aegypti and/or Aedes albopictus,Present,"Categorical synthesis of occurrence and distribution evidence. Status denotes evidence of presence, limited/sporadic occurrence, absence, or uncertainty; it does not quantify mosquito abundance.",Peer-reviewed global occurrence/modelling; regional public-health distribution maps where applicable,S049; S050,2026-05-06,Global modelling,Vector presence indicates ecological compatibility with transmission but does not establish virus circulation. Global or regional sources may not provide a direct country-specific occurrence citation for every jurisdiction.
Solomon Islands,Sovereign state,Yes,Culex,Culex tritaeniorhynchus complex,Limited / uncertain,Categorical synthesis of documented occurrence and modelled habitat suitability for the principal JEV vector complex. Status does not quantify abundance or vector competence.,Peer-reviewed global occurrence and habitat-suitability modelling,S051,2026-05-06,Global occurrence/modelling source,"The cited model distinguishes documented occurrences from predicted suitability. Country-level categories should therefore be interpreted as ecological evidence tiers, not direct entomological surveillance measurements."
Somalia,Sovereign state,Yes,Aedes,Aedes aegypti and/or Aedes albopictus,Present,"Categorical synthesis of occurrence and distribution evidence. Status denotes evidence of presence, limited/sporadic occurrence, absence, or uncertainty; it does not quantify mosquito abundance.",Peer-reviewed global occurrence/modelling; regional public-health distribution maps where applicable,S049; S050,2026-05-06,Global modelling,Vector presence indicates ecological compatibility with transmission but does not establish virus circulation. Global or regional sources may not provide a direct country-specific occurrence citation for every jurisdiction.
Somalia,Sovereign state,Yes,Culex,Culex tritaeniorhynchus complex,Absent,Categorical synthesis of documented occurrence and modelled habitat suitability for the principal JEV vector complex. Status does not quantify abundance or vector competence.,Peer-reviewed global occurrence and habitat-suitability modelling,S051,2026-05-06,Global occurrence/modelling source,"The cited model distinguishes documented occurrences from predicted suitability. Country-level categories should therefore be interpreted as ecological evidence tiers, not direct entomological surveillance measurements."
South Africa,Sovereign state,Yes,Aedes,Aedes aegypti and/or Aedes albopictus,Present,"Categorical synthesis of occurrence and distribution evidence. Status denotes evidence of presence, limited/sporadic occurrence, absence, or uncertainty; it does not quantify mosquito abundance.",Peer-reviewed global occurrence/modelling; regional public-health distribution maps where applicable,S049; S050,2026-05-06,Global modelling,Vector presence indicates ecological compatibility with transmission but does not establish virus circulation. Global or regional sources may not provide a direct country-specific occurrence citation for every jurisdiction.
South Africa,Sovereign state,Yes,Culex,Culex tritaeniorhynchus complex,Absent,Categorical synthesis of documented occurrence and modelled habitat suitability for the principal JEV vector complex. Status does not quantify abundance or vector competence.,Peer-reviewed global occurrence and habitat-suitability modelling,S051,2026-05-06,Global occurrence/modelling source,"The cited model distinguishes documented occurrences from predicted suitability. Country-level categories should therefore be interpreted as ecological evidence tiers, not direct entomological surveillance measurements."
South Georgia and the South Sandwich Islands,Territory/dependency or other jurisdiction,No,Aedes,Aedes aegypti and/or Aedes albopictus,Limited / sporadic,"Categorical synthesis of occurrence and distribution evidence. Status denotes evidence of presence, limited/sporadic occurrence, absence, or uncertainty; it does not quantify mosquito abundance.",Peer-reviewed global occurrence/modelling; regional public-health distribution maps where applicable,S049; S050,2026-05-06,Global modelling,Vector presence indicates ecological compatibility with transmission but does not establish virus circulation. Global or regional sources may not provide a direct country-specific occurrence citation for every jurisdiction.
South Georgia and the South Sandwich Islands,Territory/dependency or other jurisdiction,No,Culex,Culex tritaeniorhynchus complex,Absent,Categorical synthesis of documented occurrence and modelled habitat suitability for the principal JEV vector complex. Status does not quantify abundance or vector competence.,Peer-reviewed global occurrence and habitat-suitability modelling,S051,2026-05-06,Global occurrence/modelling source,"The cited model distinguishes documented occurrences from predicted suitability. Country-level categories should therefore be interpreted as ecological evidence tiers, not direct entomological surveillance measurements."
South Sudan,Sovereign state,Yes,Aedes,Aedes aegypti and/or Aedes albopictus,Present,"Categorical synthesis of occurrence and distribution evidence. Status denotes evidence of presence, limited/sporadic occurrence, absence, or uncertainty; it does not quantify mosquito abundance.",Peer-reviewed global occurrence/modelling; regional public-health distribution maps where applicable,S049; S050,2026-05-06,Global modelling,Vector presence indicates ecological compatibility with transmission but does not establish virus circulation. Global or regional sources may not provide a direct country-specific occurrence citation for every jurisdiction.
South Sudan,Sovereign state,Yes,Culex,Culex tritaeniorhynchus complex,Absent,Categorical synthesis of documented occurrence and modelled habitat suitability for the principal JEV vector complex. Status does not quantify abundance or vector competence.,Peer-reviewed global occurrence and habitat-suitability modelling,S051,2026-05-06,Global occurrence/modelling source,"The cited model distinguishes documented occurrences from predicted suitability. Country-level categories should therefore be interpreted as ecological evidence tiers, not direct entomological surveillance measurements."
Spain,Sovereign state,Yes,Aedes,Aedes aegypti and/or Aedes albopictus,Present,"Categorical synthesis of occurrence and distribution evidence. Status denotes evidence of presence, limited/sporadic occurrence, absence, or uncertainty; it does not quantify mosquito abundance.",Peer-reviewed global occurrence/modelling; regional public-health distribution maps where applicable,S049; S050; S023; S024,2026-05-06,Global modelling plus ECDC regional distribution maps,Vector presence indicates ecological compatibility with transmission but does not establish virus circulation. Global or regional sources may not provide a direct country-specific occurrence citation for every jurisdiction.
Spain,Sovereign state,Yes,Culex,Culex tritaeniorhynchus complex,Absent,Categorical synthesis of documented occurrence and modelled habitat suitability for the principal JEV vector complex. Status does not quantify abundance or vector competence.,Peer-reviewed global occurrence and habitat-suitability modelling,S051,2026-05-06,Global occurrence/modelling source,"The cited model distinguishes documented occurrences from predicted suitability. Country-level categories should therefore be interpreted as ecological evidence tiers, not direct entomological surveillance measurements."
Sri Lanka,Sovereign state,Yes,Aedes,Aedes aegypti and/or Aedes albopictus,Present,"Categorical synthesis of occurrence and distribution evidence. Status denotes evidence of presence, limited/sporadic occurrence, absence, or uncertainty; it does not quantify mosquito abundance.",Peer-reviewed global occurrence/modelling; regional public-health distribution maps where applicable,S049; S050,2026-05-06,Global modelling,Vector presence indicates ecological compatibility with transmission but does not establish virus circulation. Global or regional sources may not provide a direct country-specific occurrence citation for every jurisdiction.
Sri Lanka,Sovereign state,Yes,Culex,Culex tritaeniorhynchus complex,Present,Categorical synthesis of documented occurrence and modelled habitat suitability for the principal JEV vector complex. Status does not quantify abundance or vector competence.,Peer-reviewed global occurrence and habitat-suitability modelling,S051,2026-05-06,Global occurrence/modelling source,"The cited model distinguishes documented occurrences from predicted suitability. Country-level categories should therefore be interpreted as ecological evidence tiers, not direct entomological surveillance measurements."
Sudan,Sovereign state,Yes,Aedes,Aedes aegypti and/or Aedes albopictus,Present,"Categorical synthesis of occurrence and distribution evidence. Status denotes evidence of presence, limited/sporadic occurrence, absence, or uncertainty; it does not quantify mosquito abundance.",Peer-reviewed global occurrence/modelling; regional public-health distribution maps where applicable,S049; S050,2026-05-06,Global modelling,Vector presence indicates ecological compatibility with transmission but does not establish virus circulation. Global or regional sources may not provide a direct country-specific occurrence citation for every jurisdiction.
Sudan,Sovereign state,Yes,Culex,Culex tritaeniorhynchus complex,Absent,Categorical synthesis of documented occurrence and modelled habitat suitability for the principal JEV vector complex. Status does not quantify abundance or vector competence.,Peer-reviewed global occurrence and habitat-suitability modelling,S051,2026-05-06,Global occurrence/modelling source,"The cited model distinguishes documented occurrences from predicted suitability. Country-level categories should therefore be interpreted as ecological evidence tiers, not direct entomological surveillance measurements."
Suriname,Sovereign state,Yes,Aedes,Aedes aegypti and/or Aedes albopictus,Present,"Categorical synthesis of occurrence and distribution evidence. Status denotes evidence of presence, limited/sporadic occurrence, absence, or uncertainty; it does not quantify mosquito abundance.",Peer-reviewed global occurrence/modelling; regional public-health distribution maps where applicable,S049; S050,2026-05-06,Global modelling,Vector presence indicates ecological compatibility with transmission but does not establish virus circulation. Global or regional sources may not provide a direct country-specific occurrence citation for every jurisdiction.
Suriname,Sovereign state,Yes,Culex,Culex tritaeniorhynchus complex,Absent,Categorical synthesis of documented occurrence and modelled habitat suitability for the principal JEV vector complex. Status does not quantify abundance or vector competence.,Peer-reviewed global occurrence and habitat-suitability modelling,S051,2026-05-06,Global occurrence/modelling source,"The cited model distinguishes documented occurrences from predicted suitability. Country-level categories should therefore be interpreted as ecological evidence tiers, not direct entomological surveillance measurements."
Svalbard and Jan Mayen,Territory/dependency or other jurisdiction,No,Aedes,Aedes aegypti and/or Aedes albopictus,Limited / sporadic,"Categorical synthesis of occurrence and distribution evidence. Status denotes evidence of presence, limited/sporadic occurrence, absence, or uncertainty; it does not quantify mosquito abundance.",Peer-reviewed global occurrence/modelling; regional public-health distribution maps where applicable,S049; S050,2026-05-06,Global modelling,Vector presence indicates ecological compatibility with transmission but does not establish virus circulation. Global or regional sources may not provide a direct country-specific occurrence citation for every jurisdiction.
Svalbard and Jan Mayen,Territory/dependency or other jurisdiction,No,Culex,Culex tritaeniorhynchus complex,Absent,Categorical synthesis of documented occurrence and modelled habitat suitability for the principal JEV vector complex. Status does not quantify abundance or vector competence.,Peer-reviewed global occurrence and habitat-suitability modelling,S051,2026-05-06,Global occurrence/modelling source,"The cited model distinguishes documented occurrences from predicted suitability. Country-level categories should therefore be interpreted as ecological evidence tiers, not direct entomological surveillance measurements."
Sweden,Sovereign state,Yes,Aedes,Aedes aegypti and/or Aedes albopictus,Limited / sporadic,"Categorical synthesis of occurrence and distribution evidence. Status denotes evidence of presence, limited/sporadic occurrence, absence, or uncertainty; it does not quantify mosquito abundance.",Peer-reviewed global occurrence/modelling; regional public-health distribution maps where applicable,S049; S050; S023; S024,2026-05-06,Global modelling plus ECDC regional distribution maps,Vector presence indicates ecological compatibility with transmission but does not establish virus circulation. Global or regional sources may not provide a direct country-specific occurrence citation for every jurisdiction.
Sweden,Sovereign state,Yes,Culex,Culex tritaeniorhynchus complex,Absent,Categorical synthesis of documented occurrence and modelled habitat suitability for the principal JEV vector complex. Status does not quantify abundance or vector competence.,Peer-reviewed global occurrence and habitat-suitability modelling,S051,2026-05-06,Global occurrence/modelling source,"The cited model distinguishes documented occurrences from predicted suitability. Country-level categories should therefore be interpreted as ecological evidence tiers, not direct entomological surveillance measurements."
Switzerland,Sovereign state,Yes,Aedes,Aedes aegypti and/or Aedes albopictus,Present,"Categorical synthesis of occurrence and distribution evidence. Status denotes evidence of presence, limited/sporadic occurrence, absence, or uncertainty; it does not quantify mosquito abundance.",Peer-reviewed global occurrence/modelling; regional public-health distribution maps where applicable,S049; S050; S023; S024,2026-05-06,Global modelling plus ECDC regional distribution maps,Vector presence indicates ecological compatibility with transmission but does not establish virus circulation. Global or regional sources may not provide a direct country-specific occurrence citation for every jurisdiction.
Switzerland,Sovereign state,Yes,Culex,Culex tritaeniorhynchus complex,Absent,Categorical synthesis of documented occurrence and modelled habitat suitability for the principal JEV vector complex. Status does not quantify abundance or vector competence.,Peer-reviewed global occurrence and habitat-suitability modelling,S051,2026-05-06,Global occurrence/modelling source,"The cited model distinguishes documented occurrences from predicted suitability. Country-level categories should therefore be interpreted as ecological evidence tiers, not direct entomological surveillance measurements."
Syrian Arab Republic,Sovereign state,Yes,Aedes,Aedes aegypti and/or Aedes albopictus,Limited / sporadic,"Categorical synthesis of occurrence and distribution evidence. Status denotes evidence of presence, limited/sporadic occurrence, absence, or uncertainty; it does not quantify mosquito abundance.",Peer-reviewed global occurrence/modelling; regional public-health distribution maps where applicable,S049; S050,2026-05-06,Global modelling,Vector presence indicates ecological compatibility with transmission but does not establish virus circulation. Global or regional sources may not provide a direct country-specific occurrence citation for every jurisdiction.
Syrian Arab Republic,Sovereign state,Yes,Culex,Culex tritaeniorhynchus complex,Absent,Categorical synthesis of documented occurrence and modelled habitat suitability for the principal JEV vector complex. Status does not quantify abundance or vector competence.,Peer-reviewed global occurrence and habitat-suitability modelling,S051,2026-05-06,Global occurrence/modelling source,"The cited model distinguishes documented occurrences from predicted suitability. Country-level categories should therefore be interpreted as ecological evidence tiers, not direct entomological surveillance measurements."
"Taiwan, Province of China",Territory/dependency or other jurisdiction,No,Aedes,Aedes aegypti and/or Aedes albopictus,Present,"Categorical synthesis of occurrence and distribution evidence. Status denotes evidence of presence, limited/sporadic occurrence, absence, or uncertainty; it does not quantify mosquito abundance.",Peer-reviewed global occurrence/modelling; regional public-health distribution maps where applicable,S049; S050,2026-05-06,Global modelling,Vector presence indicates ecological compatibility with transmission but does not establish virus circulation. Global or regional sources may not provide a direct country-specific occurrence citation for every jurisdiction.
"Taiwan, Province of China",Territory/dependency or other jurisdiction,No,Culex,Culex tritaeniorhynchus complex,Present,Categorical synthesis of documented occurrence and modelled habitat suitability for the principal JEV vector complex. Status does not quantify abundance or vector competence.,Peer-reviewed global occurrence and habitat-suitability modelling,S051,2026-05-06,Global occurrence/modelling source,"The cited model distinguishes documented occurrences from predicted suitability. Country-level categories should therefore be interpreted as ecological evidence tiers, not direct entomological surveillance measurements."
Tajikistan,Sovereign state,Yes,Aedes,Aedes aegypti and/or Aedes albopictus,Limited / sporadic,"Categorical synthesis of occurrence and distribution evidence. Status denotes evidence of presence, limited/sporadic occurrence, absence, or uncertainty; it does not quantify mosquito abundance.",Peer-reviewed global occurrence/modelling; regional public-health distribution maps where applicable,S049; S050,2026-05-06,Global modelling,Vector presence indicates ecological compatibility with transmission but does not establish virus circulation. Global or regional sources may not provide a direct country-specific occurrence citation for every jurisdiction.
Tajikistan,Sovereign state,Yes,Culex,Culex tritaeniorhynchus complex,Limited / uncertain,Categorical synthesis of documented occurrence and modelled habitat suitability for the principal JEV vector complex. Status does not quantify abundance or vector competence.,Peer-reviewed global occurrence and habitat-suitability modelling,S051,2026-05-06,Global occurrence/modelling source,"The cited model distinguishes documented occurrences from predicted suitability. Country-level categories should therefore be interpreted as ecological evidence tiers, not direct entomological surveillance measurements."
"Tanzania, United Republic of",Sovereign state,Yes,Aedes,Aedes aegypti and/or Aedes albopictus,Present,"Categorical synthesis of occurrence and distribution evidence. Status denotes evidence of presence, limited/sporadic occurrence, absence, or uncertainty; it does not quantify mosquito abundance.",Peer-reviewed global occurrence/modelling; regional public-health distribution maps where applicable,S049; S050,2026-05-06,Global modelling,Vector presence indicates ecological compatibility with transmission but does not establish virus circulation. Global or regional sources may not provide a direct country-specific occurrence citation for every jurisdiction.
"Tanzania, United Republic of",Sovereign state,Yes,Culex,Culex tritaeniorhynchus complex,Absent,Categorical synthesis of documented occurrence and modelled habitat suitability for the principal JEV vector complex. Status does not quantify abundance or vector competence.,Peer-reviewed global occurrence and habitat-suitability modelling,S051,2026-05-06,Global occurrence/modelling source,"The cited model distinguishes documented occurrences from predicted suitability. Country-level categories should therefore be interpreted as ecological evidence tiers, not direct entomological surveillance measurements."
Thailand,Sovereign state,Yes,Aedes,Aedes aegypti and/or Aedes albopictus,Present,"Categorical synthesis of occurrence and distribution evidence. Status denotes evidence of presence, limited/sporadic occurrence, absence, or uncertainty; it does not quantify mosquito abundance.",Peer-reviewed global occurrence/modelling; regional public-health distribution maps where applicable,S049; S050,2026-05-06,Global modelling,Vector presence indicates ecological compatibility with transmission but does not establish virus circulation. Global or regional sources may not provide a direct country-specific occurrence citation for every jurisdiction.
Thailand,Sovereign state,Yes,Culex,Culex tritaeniorhynchus complex,Present,Categorical synthesis of documented occurrence and modelled habitat suitability for the principal JEV vector complex. Status does not quantify abundance or vector competence.,Peer-reviewed global occurrence and habitat-suitability modelling,S051,2026-05-06,Global occurrence/modelling source,"The cited model distinguishes documented occurrences from predicted suitability. Country-level categories should therefore be interpreted as ecological evidence tiers, not direct entomological surveillance measurements."
Timor-Leste,Sovereign state,Yes,Aedes,Aedes aegypti and/or Aedes albopictus,Present,"Categorical synthesis of occurrence and distribution evidence. Status denotes evidence of presence, limited/sporadic occurrence, absence, or uncertainty; it does not quantify mosquito abundance.",Peer-reviewed global occurrence/modelling; regional public-health distribution maps where applicable,S049; S050,2026-05-06,Global modelling,Vector presence indicates ecological compatibility with transmission but does not establish virus circulation. Global or regional sources may not provide a direct country-specific occurrence citation for every jurisdiction.
Timor-Leste,Sovereign state,Yes,Culex,Culex tritaeniorhynchus complex,Present,Categorical synthesis of documented occurrence and modelled habitat suitability for the principal JEV vector complex. Status does not quantify abundance or vector competence.,Peer-reviewed global occurrence and habitat-suitability modelling,S051,2026-05-06,Global occurrence/modelling source,"The cited model distinguishes documented occurrences from predicted suitability. Country-level categories should therefore be interpreted as ecological evidence tiers, not direct entomological surveillance measurements."
Togo,Sovereign state,Yes,Aedes,Aedes aegypti and/or Aedes albopictus,Present,"Categorical synthesis of occurrence and distribution evidence. Status denotes evidence of presence, limited/sporadic occurrence, absence, or uncertainty; it does not quantify mosquito abundance.",Peer-reviewed global occurrence/modelling; regional public-health distribution maps where applicable,S049; S050,2026-05-06,Global modelling,Vector presence indicates ecological compatibility with transmission but does not establish virus circulation. Global or regional sources may not provide a direct country-specific occurrence citation for every jurisdiction.
Togo,Sovereign state,Yes,Culex,Culex tritaeniorhynchus complex,Absent,Categorical synthesis of documented occurrence and modelled habitat suitability for the principal JEV vector complex. Status does not quantify abundance or vector competence.,Peer-reviewed global occurrence and habitat-suitability modelling,S051,2026-05-06,Global occurrence/modelling source,"The cited model distinguishes documented occurrences from predicted suitability. Country-level categories should therefore be interpreted as ecological evidence tiers, not direct entomological surveillance measurements."
Tokelau,Territory/dependency or other jurisdiction,No,Aedes,Aedes aegypti and/or Aedes albopictus,Present,"Categorical synthesis of occurrence and distribution evidence. Status denotes evidence of presence, limited/sporadic occurrence, absence, or uncertainty; it does not quantify mosquito abundance.",Peer-reviewed global occurrence/modelling; regional public-health distribution maps where applicable,S049; S050,2026-05-06,Global modelling,Vector presence indicates ecological compatibility with transmission but does not establish virus circulation. Global or regional sources may not provide a direct country-specific occurrence citation for every jurisdiction.
Tokelau,Territory/dependency or other jurisdiction,No,Culex,Culex tritaeniorhynchus complex,Absent,Categorical synthesis of documented occurrence and modelled habitat suitability for the principal JEV vector complex. Status does not quantify abundance or vector competence.,Peer-reviewed global occurrence and habitat-suitability modelling,S051,2026-05-06,Global occurrence/modelling source,"The cited model distinguishes documented occurrences from predicted suitability. Country-level categories should therefore be interpreted as ecological evidence tiers, not direct entomological surveillance measurements."
Tonga,Sovereign state,Yes,Aedes,Aedes aegypti and/or Aedes albopictus,Present,"Categorical synthesis of occurrence and distribution evidence. Status denotes evidence of presence, limited/sporadic occurrence, absence, or uncertainty; it does not quantify mosquito abundance.",Peer-reviewed global occurrence/modelling; regional public-health distribution maps where applicable,S049; S050,2026-05-06,Global modelling,Vector presence indicates ecological compatibility with transmission but does not establish virus circulation. Global or regional sources may not provide a direct country-specific occurrence citation for every jurisdiction.
Tonga,Sovereign state,Yes,Culex,Culex tritaeniorhynchus complex,Limited / uncertain,Categorical synthesis of documented occurrence and modelled habitat suitability for the principal JEV vector complex. Status does not quantify abundance or vector competence.,Peer-reviewed global occurrence and habitat-suitability modelling,S051,2026-05-06,Global occurrence/modelling source,"The cited model distinguishes documented occurrences from predicted suitability. Country-level categories should therefore be interpreted as ecological evidence tiers, not direct entomological surveillance measurements."
Trinidad and Tobago,Sovereign state,Yes,Aedes,Aedes aegypti and/or Aedes albopictus,Present,"Categorical synthesis of occurrence and distribution evidence. Status denotes evidence of presence, limited/sporadic occurrence, absence, or uncertainty; it does not quantify mosquito abundance.",Peer-reviewed global occurrence/modelling; regional public-health distribution maps where applicable,S049; S050,2026-05-06,Global modelling,Vector presence indicates ecological compatibility with transmission but does not establish virus circulation. Global or regional sources may not provide a direct country-specific occurrence citation for every jurisdiction.
Trinidad and Tobago,Sovereign state,Yes,Culex,Culex tritaeniorhynchus complex,Absent,Categorical synthesis of documented occurrence and modelled habitat suitability for the principal JEV vector complex. Status does not quantify abundance or vector competence.,Peer-reviewed global occurrence and habitat-suitability modelling,S051,2026-05-06,Global occurrence/modelling source,"The cited model distinguishes documented occurrences from predicted suitability. Country-level categories should therefore be interpreted as ecological evidence tiers, not direct entomological surveillance measurements."
Tunisia,Sovereign state,Yes,Aedes,Aedes aegypti and/or Aedes albopictus,Present,"Categorical synthesis of occurrence and distribution evidence. Status denotes evidence of presence, limited/sporadic occurrence, absence, or uncertainty; it does not quantify mosquito abundance.",Peer-reviewed global occurrence/modelling; regional public-health distribution maps where applicable,S049; S050,2026-05-06,Global modelling,Vector presence indicates ecological compatibility with transmission but does not establish virus circulation. Global or regional sources may not provide a direct country-specific occurrence citation for every jurisdiction.
Tunisia,Sovereign state,Yes,Culex,Culex tritaeniorhynchus complex,Absent,Categorical synthesis of documented occurrence and modelled habitat suitability for the principal JEV vector complex. Status does not quantify abundance or vector competence.,Peer-reviewed global occurrence and habitat-suitability modelling,S051,2026-05-06,Global occurrence/modelling source,"The cited model distinguishes documented occurrences from predicted suitability. Country-level categories should therefore be interpreted as ecological evidence tiers, not direct entomological surveillance measurements."
Turkey,Sovereign state,Yes,Aedes,Aedes aegypti and/or Aedes albopictus,Limited / sporadic,"Categorical synthesis of occurrence and distribution evidence. Status denotes evidence of presence, limited/sporadic occurrence, absence, or uncertainty; it does not quantify mosquito abundance.",Peer-reviewed global occurrence/modelling; regional public-health distribution maps where applicable,S049; S050,2026-05-06,Global modelling,Vector presence indicates ecological compatibility with transmission but does not establish virus circulation. Global or regional sources may not provide a direct country-specific occurrence citation for every jurisdiction.
Turkey,Sovereign state,Yes,Culex,Culex tritaeniorhynchus complex,Absent,Categorical synthesis of documented occurrence and modelled habitat suitability for the principal JEV vector complex. Status does not quantify abundance or vector competence.,Peer-reviewed global occurrence and habitat-suitability modelling,S051,2026-05-06,Global occurrence/modelling source,"The cited model distinguishes documented occurrences from predicted suitability. Country-level categories should therefore be interpreted as ecological evidence tiers, not direct entomological surveillance measurements."
Turkmenistan,Sovereign state,Yes,Aedes,Aedes aegypti and/or Aedes albopictus,Limited / sporadic,"Categorical synthesis of occurrence and distribution evidence. Status denotes evidence of presence, limited/sporadic occurrence, absence, or uncertainty; it does not quantify mosquito abundance.",Peer-reviewed global occurrence/modelling; regional public-health distribution maps where applicable,S049; S050,2026-05-06,Global modelling,Vector presence indicates ecological compatibility with transmission but does not establish virus circulation. Global or regional sources may not provide a direct country-specific occurrence citation for every jurisdiction.
Turkmenistan,Sovereign state,Yes,Culex,Culex tritaeniorhynchus complex,Limited / uncertain,Categorical synthesis of documented occurrence and modelled habitat suitability for the principal JEV vector complex. Status does not quantify abundance or vector competence.,Peer-reviewed global occurrence and habitat-suitability modelling,S051,2026-05-06,Global occurrence/modelling source,"The cited model distinguishes documented occurrences from predicted suitability. Country-level categories should therefore be interpreted as ecological evidence tiers, not direct entomological surveillance measurements."
Turks and Caicos Islands,Territory/dependency or other jurisdiction,No,Aedes,Aedes aegypti and/or Aedes albopictus,Present,"Categorical synthesis of occurrence and distribution evidence. Status denotes evidence of presence, limited/sporadic occurrence, absence, or uncertainty; it does not quantify mosquito abundance.",Peer-reviewed global occurrence/modelling; regional public-health distribution maps where applicable,S049; S050,2026-05-06,Global modelling,Vector presence indicates ecological compatibility with transmission but does not establish virus circulation. Global or regional sources may not provide a direct country-specific occurrence citation for every jurisdiction.
Turks and Caicos Islands,Territory/dependency or other jurisdiction,No,Culex,Culex tritaeniorhynchus complex,Absent,Categorical synthesis of documented occurrence and modelled habitat suitability for the principal JEV vector complex. Status does not quantify abundance or vector competence.,Peer-reviewed global occurrence and habitat-suitability modelling,S051,2026-05-06,Global occurrence/modelling source,"The cited model distinguishes documented occurrences from predicted suitability. Country-level categories should therefore be interpreted as ecological evidence tiers, not direct entomological surveillance measurements."
Tuvalu,Sovereign state,Yes,Aedes,Aedes aegypti and/or Aedes albopictus,Present,"Categorical synthesis of occurrence and distribution evidence. Status denotes evidence of presence, limited/sporadic occurrence, absence, or uncertainty; it does not quantify mosquito abundance.",Peer-reviewed global occurrence/modelling; regional public-health distribution maps where applicable,S049; S050,2026-05-06,Global modelling,Vector presence indicates ecological compatibility with transmission but does not establish virus circulation. Global or regional sources may not provide a direct country-specific occurrence citation for every jurisdiction.
Tuvalu,Sovereign state,Yes,Culex,Culex tritaeniorhynchus complex,Limited / uncertain,Categorical synthesis of documented occurrence and modelled habitat suitability for the principal JEV vector complex. Status does not quantify abundance or vector competence.,Peer-reviewed global occurrence and habitat-suitability modelling,S051,2026-05-06,Global occurrence/modelling source,"The cited model distinguishes documented occurrences from predicted suitability. Country-level categories should therefore be interpreted as ecological evidence tiers, not direct entomological surveillance measurements."
Uganda,Sovereign state,Yes,Aedes,Aedes aegypti and/or Aedes albopictus,Present,"Categorical synthesis of occurrence and distribution evidence. Status denotes evidence of presence, limited/sporadic occurrence, absence, or uncertainty; it does not quantify mosquito abundance.",Peer-reviewed global occurrence/modelling; regional public-health distribution maps where applicable,S049; S050,2026-05-06,Global modelling,Vector presence indicates ecological compatibility with transmission but does not establish virus circulation. Global or regional sources may not provide a direct country-specific occurrence citation for every jurisdiction.
Uganda,Sovereign state,Yes,Culex,Culex tritaeniorhynchus complex,Absent,Categorical synthesis of documented occurrence and modelled habitat suitability for the principal JEV vector complex. Status does not quantify abundance or vector competence.,Peer-reviewed global occurrence and habitat-suitability modelling,S051,2026-05-06,Global occurrence/modelling source,"The cited model distinguishes documented occurrences from predicted suitability. Country-level categories should therefore be interpreted as ecological evidence tiers, not direct entomological surveillance measurements."
Ukraine,Sovereign state,Yes,Aedes,Aedes aegypti and/or Aedes albopictus,Limited / sporadic,"Categorical synthesis of occurrence and distribution evidence. Status denotes evidence of presence, limited/sporadic occurrence, absence, or uncertainty; it does not quantify mosquito abundance.",Peer-reviewed global occurrence/modelling; regional public-health distribution maps where applicable,S049; S050; S023; S024,2026-05-06,Global modelling plus ECDC regional distribution maps,Vector presence indicates ecological compatibility with transmission but does not establish virus circulation. Global or regional sources may not provide a direct country-specific occurrence citation for every jurisdiction.
Ukraine,Sovereign state,Yes,Culex,Culex tritaeniorhynchus complex,Absent,Categorical synthesis of documented occurrence and modelled habitat suitability for the principal JEV vector complex. Status does not quantify abundance or vector competence.,Peer-reviewed global occurrence and habitat-suitability modelling,S051,2026-05-06,Global occurrence/modelling source,"The cited model distinguishes documented occurrences from predicted suitability. Country-level categories should therefore be interpreted as ecological evidence tiers, not direct entomological surveillance measurements."
United Arab Emirates,Sovereign state,Yes,Aedes,Aedes aegypti and/or Aedes albopictus,Limited / sporadic,"Categorical synthesis of occurrence and distribution evidence. Status denotes evidence of presence, limited/sporadic occurrence, absence, or uncertainty; it does not quantify mosquito abundance.",Peer-reviewed global occurrence/modelling; regional public-health distribution maps where applicable,S049; S050,2026-05-06,Global modelling,Vector presence indicates ecological compatibility with transmission but does not establish virus circulation. Global or regional sources may not provide a direct country-specific occurrence citation for every jurisdiction.
United Arab Emirates,Sovereign state,Yes,Culex,Culex tritaeniorhynchus complex,Absent,Categorical synthesis of documented occurrence and modelled habitat suitability for the principal JEV vector complex. Status does not quantify abundance or vector competence.,Peer-reviewed global occurrence and habitat-suitability modelling,S051,2026-05-06,Global occurrence/modelling source,"The cited model distinguishes documented occurrences from predicted suitability. Country-level categories should therefore be interpreted as ecological evidence tiers, not direct entomological surveillance measurements."
United Kingdom,Sovereign state,Yes,Aedes,Aedes aegypti and/or Aedes albopictus,Limited / sporadic,"Categorical synthesis of occurrence and distribution evidence. Status denotes evidence of presence, limited/sporadic occurrence, absence, or uncertainty; it does not quantify mosquito abundance.",Peer-reviewed global occurrence/modelling; regional public-health distribution maps where applicable,S049; S050; S023; S024,2026-05-06,Global modelling plus ECDC regional distribution maps,Vector presence indicates ecological compatibility with transmission but does not establish virus circulation. Global or regional sources may not provide a direct country-specific occurrence citation for every jurisdiction.
United Kingdom,Sovereign state,Yes,Culex,Culex tritaeniorhynchus complex,Absent,Categorical synthesis of documented occurrence and modelled habitat suitability for the principal JEV vector complex. Status does not quantify abundance or vector competence.,Peer-reviewed global occurrence and habitat-suitability modelling,S051,2026-05-06,Global occurrence/modelling source,"The cited model distinguishes documented occurrences from predicted suitability. Country-level categories should therefore be interpreted as ecological evidence tiers, not direct entomological surveillance measurements."
United States,Sovereign state,Yes,Aedes,Aedes aegypti and/or Aedes albopictus,Present,"Categorical synthesis of occurrence and distribution evidence. Status denotes evidence of presence, limited/sporadic occurrence, absence, or uncertainty; it does not quantify mosquito abundance.",Peer-reviewed global occurrence/modelling; regional public-health distribution maps where applicable,S049; S050; S020,2026-05-06,Global modelling plus CDC potential-range context,Vector presence indicates ecological compatibility with transmission but does not establish virus circulation. Global or regional sources may not provide a direct country-specific occurrence citation for every jurisdiction.
United States,Sovereign state,Yes,Culex,Culex tritaeniorhynchus complex,Absent,Categorical synthesis of documented occurrence and modelled habitat suitability for the principal JEV vector complex. Status does not quantify abundance or vector competence.,Peer-reviewed global occurrence and habitat-suitability modelling,S051,2026-05-06,Global occurrence/modelling source,"The cited model distinguishes documented occurrences from predicted suitability. Country-level categories should therefore be interpreted as ecological evidence tiers, not direct entomological surveillance measurements."
United States Minor Outlying Islands,Territory/dependency or other jurisdiction,No,Aedes,Aedes aegypti and/or Aedes albopictus,Limited / sporadic,"Categorical synthesis of occurrence and distribution evidence. Status denotes evidence of presence, limited/sporadic occurrence, absence, or uncertainty; it does not quantify mosquito abundance.",Peer-reviewed global occurrence/modelling; regional public-health distribution maps where applicable,S049; S050,2026-05-06,Global modelling,Vector presence indicates ecological compatibility with transmission but does not establish virus circulation. Global or regional sources may not provide a direct country-specific occurrence citation for every jurisdiction.
United States Minor Outlying Islands,Territory/dependency or other jurisdiction,No,Culex,Culex tritaeniorhynchus complex,Absent,Categorical synthesis of documented occurrence and modelled habitat suitability for the principal JEV vector complex. Status does not quantify abundance or vector competence.,Peer-reviewed global occurrence and habitat-suitability modelling,S051,2026-05-06,Global occurrence/modelling source,"The cited model distinguishes documented occurrences from predicted suitability. Country-level categories should therefore be interpreted as ecological evidence tiers, not direct entomological surveillance measurements."
Uruguay,Sovereign state,Yes,Aedes,Aedes aegypti and/or Aedes albopictus,Present,"Categorical synthesis of occurrence and distribution evidence. Status denotes evidence of presence, limited/sporadic occurrence, absence, or uncertainty; it does not quantify mosquito abundance.",Peer-reviewed global occurrence/modelling; regional public-health distribution maps where applicable,S049; S050,2026-05-06,Global modelling,Vector presence indicates ecological compatibility with transmission but does not establish virus circulation. Global or regional sources may not provide a direct country-specific occurrence citation for every jurisdiction.
Uruguay,Sovereign state,Yes,Culex,Culex tritaeniorhynchus complex,Absent,Categorical synthesis of documented occurrence and modelled habitat suitability for the principal JEV vector complex. Status does not quantify abundance or vector competence.,Peer-reviewed global occurrence and habitat-suitability modelling,S051,2026-05-06,Global occurrence/modelling source,"The cited model distinguishes documented occurrences from predicted suitability. Country-level categories should therefore be interpreted as ecological evidence tiers, not direct entomological surveillance measurements."
Uzbekistan,Sovereign state,Yes,Aedes,Aedes aegypti and/or Aedes albopictus,Limited / sporadic,"Categorical synthesis of occurrence and distribution evidence. Status denotes evidence of presence, limited/sporadic occurrence, absence, or uncertainty; it does not quantify mosquito abundance.",Peer-reviewed global occurrence/modelling; regional public-health distribution maps where applicable,S049; S050,2026-05-06,Global modelling,Vector presence indicates ecological compatibility with transmission but does not establish virus circulation. Global or regional sources may not provide a direct country-specific occurrence citation for every jurisdiction.
Uzbekistan,Sovereign state,Yes,Culex,Culex tritaeniorhynchus complex,Limited / uncertain,Categorical synthesis of documented occurrence and modelled habitat suitability for the principal JEV vector complex. Status does not quantify abundance or vector competence.,Peer-reviewed global occurrence and habitat-suitability modelling,S051,2026-05-06,Global occurrence/modelling source,"The cited model distinguishes documented occurrences from predicted suitability. Country-level categories should therefore be interpreted as ecological evidence tiers, not direct entomological surveillance measurements."
Vanuatu,Sovereign state,Yes,Aedes,Aedes aegypti and/or Aedes albopictus,Present,"Categorical synthesis of occurrence and distribution evidence. Status denotes evidence of presence, limited/sporadic occurrence, absence, or uncertainty; it does not quantify mosquito abundance.",Peer-reviewed global occurrence/modelling; regional public-health distribution maps where applicable,S049; S050,2026-05-06,Global modelling,Vector presence indicates ecological compatibility with transmission but does not establish virus circulation. Global or regional sources may not provide a direct country-specific occurrence citation for every jurisdiction.
Vanuatu,Sovereign state,Yes,Culex,Culex tritaeniorhynchus complex,Limited / uncertain,Categorical synthesis of documented occurrence and modelled habitat suitability for the principal JEV vector complex. Status does not quantify abundance or vector competence.,Peer-reviewed global occurrence and habitat-suitability modelling,S051,2026-05-06,Global occurrence/modelling source,"The cited model distinguishes documented occurrences from predicted suitability. Country-level categories should therefore be interpreted as ecological evidence tiers, not direct entomological surveillance measurements."
"Venezuela, Bolivarian Republic of",Sovereign state,Yes,Aedes,Aedes aegypti and/or Aedes albopictus,Present,"Categorical synthesis of occurrence and distribution evidence. Status denotes evidence of presence, limited/sporadic occurrence, absence, or uncertainty; it does not quantify mosquito abundance.",Peer-reviewed global occurrence/modelling; regional public-health distribution maps where applicable,S049; S050,2026-05-06,Global modelling,Vector presence indicates ecological compatibility with transmission but does not establish virus circulation. Global or regional sources may not provide a direct country-specific occurrence citation for every jurisdiction.
"Venezuela, Bolivarian Republic of",Sovereign state,Yes,Culex,Culex tritaeniorhynchus complex,Absent,Categorical synthesis of documented occurrence and modelled habitat suitability for the principal JEV vector complex. Status does not quantify abundance or vector competence.,Peer-reviewed global occurrence and habitat-suitability modelling,S051,2026-05-06,Global occurrence/modelling source,"The cited model distinguishes documented occurrences from predicted suitability. Country-level categories should therefore be interpreted as ecological evidence tiers, not direct entomological surveillance measurements."
Viet Nam,Sovereign state,Yes,Aedes,Aedes aegypti and/or Aedes albopictus,Present,"Categorical synthesis of occurrence and distribution evidence. Status denotes evidence of presence, limited/sporadic occurrence, absence, or uncertainty; it does not quantify mosquito abundance.",Peer-reviewed global occurrence/modelling; regional public-health distribution maps where applicable,S049; S050,2026-05-06,Global modelling,Vector presence indicates ecological compatibility with transmission but does not establish virus circulation. Global or regional sources may not provide a direct country-specific occurrence citation for every jurisdiction.
Viet Nam,Sovereign state,Yes,Culex,Culex tritaeniorhynchus complex,Absent,Categorical synthesis of documented occurrence and modelled habitat suitability for the principal JEV vector complex. Status does not quantify abundance or vector competence.,Peer-reviewed global occurrence and habitat-suitability modelling,S051,2026-05-06,Global occurrence/modelling source,"The cited model distinguishes documented occurrences from predicted suitability. Country-level categories should therefore be interpreted as ecological evidence tiers, not direct entomological surveillance measurements."
"Virgin Islands, British",Territory/dependency or other jurisdiction,No,Aedes,Aedes aegypti and/or Aedes albopictus,Present,"Categorical synthesis of occurrence and distribution evidence. Status denotes evidence of presence, limited/sporadic occurrence, absence, or uncertainty; it does not quantify mosquito abundance.",Peer-reviewed global occurrence/modelling; regional public-health distribution maps where applicable,S049; S050,2026-05-06,Global modelling,Vector presence indicates ecological compatibility with transmission but does not establish virus circulation. Global or regional sources may not provide a direct country-specific occurrence citation for every jurisdiction.
"Virgin Islands, British",Territory/dependency or other jurisdiction,No,Culex,Culex tritaeniorhynchus complex,Absent,Categorical synthesis of documented occurrence and modelled habitat suitability for the principal JEV vector complex. Status does not quantify abundance or vector competence.,Peer-reviewed global occurrence and habitat-suitability modelling,S051,2026-05-06,Global occurrence/modelling source,"The cited model distinguishes documented occurrences from predicted suitability. Country-level categories should therefore be interpreted as ecological evidence tiers, not direct entomological surveillance measurements."
"Virgin Islands, U.S.",Territory/dependency or other jurisdiction,No,Aedes,Aedes aegypti and/or Aedes albopictus,Present,"Categorical synthesis of occurrence and distribution evidence. Status denotes evidence of presence, limited/sporadic occurrence, absence, or uncertainty; it does not quantify mosquito abundance.",Peer-reviewed global occurrence/modelling; regional public-health distribution maps where applicable,S049; S050,2026-05-06,Global modelling,Vector presence indicates ecological compatibility with transmission but does not establish virus circulation. Global or regional sources may not provide a direct country-specific occurrence citation for every jurisdiction.
"Virgin Islands, U.S.",Territory/dependency or other jurisdiction,No,Culex,Culex tritaeniorhynchus complex,Absent,Categorical synthesis of documented occurrence and modelled habitat suitability for the principal JEV vector complex. Status does not quantify abundance or vector competence.,Peer-reviewed global occurrence and habitat-suitability modelling,S051,2026-05-06,Global occurrence/modelling source,"The cited model distinguishes documented occurrences from predicted suitability. Country-level categories should therefore be interpreted as ecological evidence tiers, not direct entomological surveillance measurements."
Wallis and Futuna,Territory/dependency or other jurisdiction,No,Aedes,Aedes aegypti and/or Aedes albopictus,Present,"Categorical synthesis of occurrence and distribution evidence. Status denotes evidence of presence, limited/sporadic occurrence, absence, or uncertainty; it does not quantify mosquito abundance.",Peer-reviewed global occurrence/modelling; regional public-health distribution maps where applicable,S049; S050,2026-05-06,Global modelling,Vector presence indicates ecological compatibility with transmission but does not establish virus circulation. Global or regional sources may not provide a direct country-specific occurrence citation for every jurisdiction.
Wallis and Futuna,Territory/dependency or other jurisdiction,No,Culex,Culex tritaeniorhynchus complex,Absent,Categorical synthesis of documented occurrence and modelled habitat suitability for the principal JEV vector complex. Status does not quantify abundance or vector competence.,Peer-reviewed global occurrence and habitat-suitability modelling,S051,2026-05-06,Global occurrence/modelling source,"The cited model distinguishes documented occurrences from predicted suitability. Country-level categories should therefore be interpreted as ecological evidence tiers, not direct entomological surveillance measurements."
Western Sahara,Territory/dependency or other jurisdiction,No,Aedes,Aedes aegypti and/or Aedes albopictus,Limited / sporadic,"Categorical synthesis of occurrence and distribution evidence. Status denotes evidence of presence, limited/sporadic occurrence, absence, or uncertainty; it does not quantify mosquito abundance.",Peer-reviewed global occurrence/modelling; regional public-health distribution maps where applicable,S049; S050,2026-05-06,Global modelling,Vector presence indicates ecological compatibility with transmission but does not establish virus circulation. Global or regional sources may not provide a direct country-specific occurrence citation for every jurisdiction.
Western Sahara,Territory/dependency or other jurisdiction,No,Culex,Culex tritaeniorhynchus complex,Absent,Categorical synthesis of documented occurrence and modelled habitat suitability for the principal JEV vector complex. Status does not quantify abundance or vector competence.,Peer-reviewed global occurrence and habitat-suitability modelling,S051,2026-05-06,Global occurrence/modelling source,"The cited model distinguishes documented occurrences from predicted suitability. Country-level categories should therefore be interpreted as ecological evidence tiers, not direct entomological surveillance measurements."
Yemen,Sovereign state,Yes,Aedes,Aedes aegypti and/or Aedes albopictus,Present,"Categorical synthesis of occurrence and distribution evidence. Status denotes evidence of presence, limited/sporadic occurrence, absence, or uncertainty; it does not quantify mosquito abundance.",Peer-reviewed global occurrence/modelling; regional public-health distribution maps where applicable,S049; S050,2026-05-06,Global modelling,Vector presence indicates ecological compatibility with transmission but does not establish virus circulation. Global or regional sources may not provide a direct country-specific occurrence citation for every jurisdiction.
Yemen,Sovereign state,Yes,Culex,Culex tritaeniorhynchus complex,Absent,Categorical synthesis of documented occurrence and modelled habitat suitability for the principal JEV vector complex. Status does not quantify abundance or vector competence.,Peer-reviewed global occurrence and habitat-suitability modelling,S051,2026-05-06,Global occurrence/modelling source,"The cited model distinguishes documented occurrences from predicted suitability. Country-level categories should therefore be interpreted as ecological evidence tiers, not direct entomological surveillance measurements."
Zambia,Sovereign state,Yes,Aedes,Aedes aegypti and/or Aedes albopictus,Limited / sporadic,"Categorical synthesis of occurrence and distribution evidence. Status denotes evidence of presence, limited/sporadic occurrence, absence, or uncertainty; it does not quantify mosquito abundance.",Peer-reviewed global occurrence/modelling; regional public-health distribution maps where applicable,S049; S050,2026-05-06,Global modelling,Vector presence indicates ecological compatibility with transmission but does not establish virus circulation. Global or regional sources may not provide a direct country-specific occurrence citation for every jurisdiction.
Zambia,Sovereign state,Yes,Culex,Culex tritaeniorhynchus complex,Absent,Categorical synthesis of documented occurrence and modelled habitat suitability for the principal JEV vector complex. Status does not quantify abundance or vector competence.,Peer-reviewed global occurrence and habitat-suitability modelling,S051,2026-05-06,Global occurrence/modelling source,"The cited model distinguishes documented occurrences from predicted suitability. Country-level categories should therefore be interpreted as ecological evidence tiers, not direct entomological surveillance measurements."
Zimbabwe,Sovereign state,Yes,Aedes,Aedes aegypti and/or Aedes albopictus,Present,"Categorical synthesis of occurrence and distribution evidence. Status denotes evidence of presence, limited/sporadic occurrence, absence, or uncertainty; it does not quantify mosquito abundance.",Peer-reviewed global occurrence/modelling; regional public-health distribution maps where applicable,S049; S050,2026-05-06,Global modelling,Vector presence indicates ecological compatibility with transmission but does not establish virus circulation. Global or regional sources may not provide a direct country-specific occurrence citation for every jurisdiction.
Zimbabwe,Sovereign state,Yes,Culex,Culex tritaeniorhynchus complex,Absent,Categorical synthesis of documented occurrence and modelled habitat suitability for the principal JEV vector complex. Status does not quantify abundance or vector competence.,Peer-reviewed global occurrence and habitat-suitability modelling,S051,2026-05-06,Global occurrence/modelling source,"The cited model distinguishes documented occurrences from predicted suitability. Country-level categories should therefore be interpreted as ecological evidence tiers, not direct entomological surveillance measurements."
Åland Islands,Territory/dependency or other jurisdiction,No,Aedes,Aedes aegypti and/or Aedes albopictus,Limited / sporadic,"Categorical synthesis of occurrence and distribution evidence. Status denotes evidence of presence, limited/sporadic occurrence, absence, or uncertainty; it does not quantify mosquito abundance.",Peer-reviewed global occurrence/modelling; regional public-health distribution maps where applicable,S049; S050; S023; S024,2026-05-06,Global modelling plus ECDC regional distribution maps,Vector presence indicates ecological compatibility with transmission but does not establish virus circulation. Global or regional sources may not provide a direct country-specific occurrence citation for every jurisdiction.
Åland Islands,Territory/dependency or other jurisdiction,No,Culex,Culex tritaeniorhynchus complex,Absent,Categorical synthesis of documented occurrence and modelled habitat suitability for the principal JEV vector complex. Status does not quantify abundance or vector competence.,Peer-reviewed global occurrence and habitat-suitability modelling,S051,2026-05-06,Global occurrence/modelling source,"The cited model distinguishes documented occurrences from predicted suitability. Country-level categories should therefore be interpreted as ecological evidence tiers, not direct entomological surveillance measurements."
